alphabet,dim,size,k,n_atoms,n_buckets,mean_bucket_size,max_bucket_size,atom_collision_rate,bucket_collision_rate
generic,625,1,1,1,1,1.0,1,0.0,0.0
generic,625,1,2,1,1,1.0,1,0.0,0.0
generic,625,1,4,1,1,1.0,1,0.0,0.0
generic,625,1,8,1,1,1.0,1,0.0,0.0
generic,625,1,16,1,1,1.0,1,0.0,0.0
generic,625,1,32,1,1,1.0,1,0.0,0.0
generic,625,1,64,1,1,1.0,1,0.0,0.0
generic,625,1,625,1,1,1.0,1,0.0,0.0
generic,625,2,1,2,2,1.0,1,0.0,0.0
generic,625,2,2,2,2,1.0,1,0.0,0.0
generic,625,2,4,2,2,1.0,1,0.0,0.0
generic,625,2,8,2,2,1.0,1,0.0,0.0
generic,625,2,16,2,2,1.0,1,0.0,0.0
generic,625,2,32,2,2,1.0,1,0.0,0.0
generic,625,2,64,2,2,1.0,1,0.0,0.0
generic,625,2,625,2,2,1.0,1,0.0,0.0
generic,625,5,1,5,5,1.0,1,0.0,0.0
generic,625,5,2,5,5,1.0,1,0.0,0.0
generic,625,5,4,5,5,1.0,1,0.0,0.0
generic,625,5,8,5,5,1.0,1,0.0,0.0
generic,625,5,16,5,5,1.0,1,0.0,0.0
generic,625,5,32,5,5,1.0,1,0.0,0.0
generic,625,5,64,5,5,1.0,1,0.0,0.0
generic,625,5,625,5,5,1.0,1,0.0,0.0
generic,625,10,1,10,10,1.0,1,0.0,0.0
generic,625,10,2,10,10,1.0,1,0.0,0.0
generic,625,10,4,10,10,1.0,1,0.0,0.0
generic,625,10,8,10,10,1.0,1,0.0,0.0
generic,625,10,16,10,10,1.0,1,0.0,0.0
generic,625,10,32,10,10,1.0,1,0.0,0.0
generic,625,10,64,10,10,1.0,1,0.0,0.0
generic,625,10,625,10,10,1.0,1,0.0,0.0
generic,625,20,1,20,20,1.0,1,0.0,0.0
generic,625,20,2,20,20,1.0,1,0.0,0.0
generic,625,20,4,20,20,1.0,1,0.0,0.0
generic,625,20,8,20,20,1.0,1,0.0,0.0
generic,625,20,16,20,20,1.0,1,0.0,0.0
generic,625,20,32,20,20,1.0,1,0.0,0.0
generic,625,20,64,20,20,1.0,1,0.0,0.0
generic,625,20,625,20,20,1.0,1,0.0,0.0
generic,625,50,1,50,50,1.0,1,0.0,0.0
generic,625,50,2,50,50,1.0,1,0.0,0.0
generic,625,50,4,50,50,1.0,1,0.0,0.0
generic,625,50,8,50,50,1.0,1,0.0,0.0
generic,625,50,16,50,50,1.0,1,0.0,0.0
generic,625,50,32,50,50,1.0,1,0.0,0.0
generic,625,50,64,50,50,1.0,1,0.0,0.0
generic,625,50,625,50,50,1.0,1,0.0,0.0
generic,625,100,1,100,100,1.0,1,0.0,0.0
generic,625,100,2,100,100,1.0,1,0.0,0.0
generic,625,100,4,100,100,1.0,1,0.0,0.0
generic,625,100,8,100,100,1.0,1,0.0,0.0
generic,625,100,16,100,100,1.0,1,0.0,0.0
generic,625,100,32,100,100,1.0,1,0.0,0.0
generic,625,100,64,100,100,1.0,1,0.0,0.0
generic,625,100,625,100,100,1.0,1,0.0,0.0
generic,625,158,1,158,158,1.0,1,0.0,0.0
generic,625,158,2,158,158,1.0,1,0.0,0.0
generic,625,158,4,158,158,1.0,1,0.0,0.0
generic,625,158,8,158,158,1.0,1,0.0,0.0
generic,625,158,16,158,158,1.0,1,0.0,0.0
generic,625,158,32,158,158,1.0,1,0.0,0.0
generic,625,158,64,158,158,1.0,1,0.0,0.0
generic,625,158,625,158,158,1.0,1,0.0,0.0
generic,625,200,1,200,200,1.0,1,0.0,0.0
generic,625,200,2,200,200,1.0,1,0.0,0.0
generic,625,200,4,200,200,1.0,1,0.0,0.0
generic,625,200,8,200,200,1.0,1,0.0,0.0
generic,625,200,16,200,200,1.0,1,0.0,0.0
generic,625,200,32,200,200,1.0,1,0.0,0.0
generic,625,200,64,200,200,1.0,1,0.0,0.0
generic,625,200,625,200,200,1.0,1,0.0,0.0
generic,625,300,1,300,300,1.0,1,0.0,0.0
generic,625,300,2,300,300,1.0,1,0.0,0.0
generic,625,300,4,300,300,1.0,1,0.0,0.0
generic,625,300,8,300,300,1.0,1,0.0,0.0
generic,625,300,16,300,300,1.0,1,0.0,0.0
generic,625,300,32,300,300,1.0,1,0.0,0.0
generic,625,300,64,300,300,1.0,1,0.0,0.0
generic,625,300,625,300,300,1.0,1,0.0,0.0
generic,625,389,1,389,389,1.0,1,0.0,0.0
generic,625,389,2,389,389,1.0,1,0.0,0.0
generic,625,389,4,389,389,1.0,1,0.0,0.0
generic,625,389,8,389,389,1.0,1,0.0,0.0
generic,625,389,16,389,389,1.0,1,0.0,0.0
generic,625,389,32,389,389,1.0,1,0.0,0.0
generic,625,389,64,389,389,1.0,1,0.0,0.0
generic,625,389,625,389,389,1.0,1,0.0,0.0
generic,625,500,1,500,500,1.0,1,0.0,0.0
generic,625,500,2,500,500,1.0,1,0.0,0.0
generic,625,500,4,500,500,1.0,1,0.0,0.0
generic,625,500,8,500,500,1.0,1,0.0,0.0
generic,625,500,16,500,500,1.0,1,0.0,0.0
generic,625,500,32,500,500,1.0,1,0.0,0.0
generic,625,500,64,500,500,1.0,1,0.0,0.0
generic,625,500,625,500,500,1.0,1,0.0,0.0
generic,625,750,1,750,750,1.0,1,0.0,0.0
generic,625,750,2,750,750,1.0,1,0.0,0.0
generic,625,750,4,750,750,1.0,1,0.0,0.0
generic,625,750,8,750,750,1.0,1,0.0,0.0
generic,625,750,16,750,750,1.0,1,0.0,0.0
generic,625,750,32,750,750,1.0,1,0.0,0.0
generic,625,750,64,750,750,1.0,1,0.0,0.0
generic,625,750,625,750,750,1.0,1,0.0,0.0
generic,625,1000,1,1000,1000,1.0,1,0.0,0.0
generic,625,1000,2,1000,1000,1.0,1,0.0,0.0
generic,625,1000,4,1000,1000,1.0,1,0.0,0.0
generic,625,1000,8,1000,1000,1.0,1,0.0,0.0
generic,625,1000,16,1000,1000,1.0,1,0.0,0.0
generic,625,1000,32,1000,1000,1.0,1,0.0,0.0
generic,625,1000,64,1000,1000,1.0,1,0.0,0.0
generic,625,1000,625,1000,1000,1.0,1,0.0,0.0
generic,625,1500,1,1500,1500,1.0,1,0.0,0.0
generic,625,1500,2,1500,1500,1.0,1,0.0,0.0
generic,625,1500,4,1500,1500,1.0,1,0.0,0.0
generic,625,1500,8,1500,1500,1.0,1,0.0,0.0
generic,625,1500,16,1500,1500,1.0,1,0.0,0.0
generic,625,1500,32,1500,1500,1.0,1,0.0,0.0
generic,625,1500,64,1500,1500,1.0,1,0.0,0.0
generic,625,1500,625,1500,1500,1.0,1,0.0,0.0
generic,625,2000,1,2000,2000,1.0,1,0.0,0.0
generic,625,2000,2,2000,2000,1.0,1,0.0,0.0
generic,625,2000,4,2000,2000,1.0,1,0.0,0.0
generic,625,2000,8,2000,2000,1.0,1,0.0,0.0
generic,625,2000,16,2000,2000,1.0,1,0.0,0.0
generic,625,2000,32,2000,2000,1.0,1,0.0,0.0
generic,625,2000,64,2000,2000,1.0,1,0.0,0.0
generic,625,2000,625,2000,2000,1.0,1,0.0,0.0
generic,3600,1,1,1,1,1.0,1,0.0,0.0
generic,3600,1,2,1,1,1.0,1,0.0,0.0
generic,3600,1,4,1,1,1.0,1,0.0,0.0
generic,3600,1,8,1,1,1.0,1,0.0,0.0
generic,3600,1,16,1,1,1.0,1,0.0,0.0
generic,3600,1,32,1,1,1.0,1,0.0,0.0
generic,3600,1,64,1,1,1.0,1,0.0,0.0
generic,3600,1,3600,1,1,1.0,1,0.0,0.0
generic,3600,2,1,2,2,1.0,1,0.0,0.0
generic,3600,2,2,2,2,1.0,1,0.0,0.0
generic,3600,2,4,2,2,1.0,1,0.0,0.0
generic,3600,2,8,2,2,1.0,1,0.0,0.0
generic,3600,2,16,2,2,1.0,1,0.0,0.0
generic,3600,2,32,2,2,1.0,1,0.0,0.0
generic,3600,2,64,2,2,1.0,1,0.0,0.0
generic,3600,2,3600,2,2,1.0,1,0.0,0.0
generic,3600,5,1,5,5,1.0,1,0.0,0.0
generic,3600,5,2,5,5,1.0,1,0.0,0.0
generic,3600,5,4,5,5,1.0,1,0.0,0.0
generic,3600,5,8,5,5,1.0,1,0.0,0.0
generic,3600,5,16,5,5,1.0,1,0.0,0.0
generic,3600,5,32,5,5,1.0,1,0.0,0.0
generic,3600,5,64,5,5,1.0,1,0.0,0.0
generic,3600,5,3600,5,5,1.0,1,0.0,0.0
generic,3600,10,1,10,10,1.0,1,0.0,0.0
generic,3600,10,2,10,10,1.0,1,0.0,0.0
generic,3600,10,4,10,10,1.0,1,0.0,0.0
generic,3600,10,8,10,10,1.0,1,0.0,0.0
generic,3600,10,16,10,10,1.0,1,0.0,0.0
generic,3600,10,32,10,10,1.0,1,0.0,0.0
generic,3600,10,64,10,10,1.0,1,0.0,0.0
generic,3600,10,3600,10,10,1.0,1,0.0,0.0
generic,3600,20,1,20,20,1.0,1,0.0,0.0
generic,3600,20,2,20,20,1.0,1,0.0,0.0
generic,3600,20,4,20,20,1.0,1,0.0,0.0
generic,3600,20,8,20,20,1.0,1,0.0,0.0
generic,3600,20,16,20,20,1.0,1,0.0,0.0
generic,3600,20,32,20,20,1.0,1,0.0,0.0
generic,3600,20,64,20,20,1.0,1,0.0,0.0
generic,3600,20,3600,20,20,1.0,1,0.0,0.0
generic,3600,50,1,50,50,1.0,1,0.0,0.0
generic,3600,50,2,50,50,1.0,1,0.0,0.0
generic,3600,50,4,50,50,1.0,1,0.0,0.0
generic,3600,50,8,50,50,1.0,1,0.0,0.0
generic,3600,50,16,50,50,1.0,1,0.0,0.0
generic,3600,50,32,50,50,1.0,1,0.0,0.0
generic,3600,50,64,50,50,1.0,1,0.0,0.0
generic,3600,50,3600,50,50,1.0,1,0.0,0.0
generic,3600,100,1,100,100,1.0,1,0.0,0.0
generic,3600,100,2,100,100,1.0,1,0.0,0.0
generic,3600,100,4,100,100,1.0,1,0.0,0.0
generic,3600,100,8,100,100,1.0,1,0.0,0.0
generic,3600,100,16,100,100,1.0,1,0.0,0.0
generic,3600,100,32,100,100,1.0,1,0.0,0.0
generic,3600,100,64,100,100,1.0,1,0.0,0.0
generic,3600,100,3600,100,100,1.0,1,0.0,0.0
generic,3600,158,1,158,158,1.0,1,0.0,0.0
generic,3600,158,2,158,158,1.0,1,0.0,0.0
generic,3600,158,4,158,158,1.0,1,0.0,0.0
generic,3600,158,8,158,158,1.0,1,0.0,0.0
generic,3600,158,16,158,158,1.0,1,0.0,0.0
generic,3600,158,32,158,158,1.0,1,0.0,0.0
generic,3600,158,64,158,158,1.0,1,0.0,0.0
generic,3600,158,3600,158,158,1.0,1,0.0,0.0
generic,3600,200,1,200,200,1.0,1,0.0,0.0
generic,3600,200,2,200,200,1.0,1,0.0,0.0
generic,3600,200,4,200,200,1.0,1,0.0,0.0
generic,3600,200,8,200,200,1.0,1,0.0,0.0
generic,3600,200,16,200,200,1.0,1,0.0,0.0
generic,3600,200,32,200,200,1.0,1,0.0,0.0
generic,3600,200,64,200,200,1.0,1,0.0,0.0
generic,3600,200,3600,200,200,1.0,1,0.0,0.0
generic,3600,300,1,300,300,1.0,1,0.0,0.0
generic,3600,300,2,300,300,1.0,1,0.0,0.0
generic,3600,300,4,300,300,1.0,1,0.0,0.0
generic,3600,300,8,300,300,1.0,1,0.0,0.0
generic,3600,300,16,300,300,1.0,1,0.0,0.0
generic,3600,300,32,300,300,1.0,1,0.0,0.0
generic,3600,300,64,300,300,1.0,1,0.0,0.0
generic,3600,300,3600,300,300,1.0,1,0.0,0.0
generic,3600,389,1,389,389,1.0,1,0.0,0.0
generic,3600,389,2,389,389,1.0,1,0.0,0.0
generic,3600,389,4,389,389,1.0,1,0.0,0.0
generic,3600,389,8,389,389,1.0,1,0.0,0.0
generic,3600,389,16,389,389,1.0,1,0.0,0.0
generic,3600,389,32,389,389,1.0,1,0.0,0.0
generic,3600,389,64,389,389,1.0,1,0.0,0.0
generic,3600,389,3600,389,389,1.0,1,0.0,0.0
generic,3600,500,1,500,500,1.0,1,0.0,0.0
generic,3600,500,2,500,500,1.0,1,0.0,0.0
generic,3600,500,4,500,500,1.0,1,0.0,0.0
generic,3600,500,8,500,500,1.0,1,0.0,0.0
generic,3600,500,16,500,500,1.0,1,0.0,0.0
generic,3600,500,32,500,500,1.0,1,0.0,0.0
generic,3600,500,64,500,500,1.0,1,0.0,0.0
generic,3600,500,3600,500,500,1.0,1,0.0,0.0
generic,3600,750,1,750,750,1.0,1,0.0,0.0
generic,3600,750,2,750,750,1.0,1,0.0,0.0
generic,3600,750,4,750,750,1.0,1,0.0,0.0
generic,3600,750,8,750,750,1.0,1,0.0,0.0
generic,3600,750,16,750,750,1.0,1,0.0,0.0
generic,3600,750,32,750,750,1.0,1,0.0,0.0
generic,3600,750,64,750,750,1.0,1,0.0,0.0
generic,3600,750,3600,750,750,1.0,1,0.0,0.0
generic,3600,1000,1,1000,1000,1.0,1,0.0,0.0
generic,3600,1000,2,1000,1000,1.0,1,0.0,0.0
generic,3600,1000,4,1000,1000,1.0,1,0.0,0.0
generic,3600,1000,8,1000,1000,1.0,1,0.0,0.0
generic,3600,1000,16,1000,1000,1.0,1,0.0,0.0
generic,3600,1000,32,1000,1000,1.0,1,0.0,0.0
generic,3600,1000,64,1000,1000,1.0,1,0.0,0.0
generic,3600,1000,3600,1000,1000,1.0,1,0.0,0.0
generic,3600,1500,1,1500,1500,1.0,1,0.0,0.0
generic,3600,1500,2,1500,1500,1.0,1,0.0,0.0
generic,3600,1500,4,1500,1500,1.0,1,0.0,0.0
generic,3600,1500,8,1500,1500,1.0,1,0.0,0.0
generic,3600,1500,16,1500,1500,1.0,1,0.0,0.0
generic,3600,1500,32,1500,1500,1.0,1,0.0,0.0
generic,3600,1500,64,1500,1500,1.0,1,0.0,0.0
generic,3600,1500,3600,1500,1500,1.0,1,0.0,0.0
generic,3600,2000,1,2000,2000,1.0,1,0.0,0.0
generic,3600,2000,2,2000,2000,1.0,1,0.0,0.0
generic,3600,2000,4,2000,2000,1.0,1,0.0,0.0
generic,3600,2000,8,2000,2000,1.0,1,0.0,0.0
generic,3600,2000,16,2000,2000,1.0,1,0.0,0.0
generic,3600,2000,32,2000,2000,1.0,1,0.0,0.0
generic,3600,2000,64,2000,2000,1.0,1,0.0,0.0
generic,3600,2000,3600,2000,2000,1.0,1,0.0,0.0
generic,3000,1,1,1,1,1.0,1,0.0,0.0
generic,3000,1,2,1,1,1.0,1,0.0,0.0
generic,3000,1,4,1,1,1.0,1,0.0,0.0
generic,3000,1,8,1,1,1.0,1,0.0,0.0
generic,3000,1,16,1,1,1.0,1,0.0,0.0
generic,3000,1,32,1,1,1.0,1,0.0,0.0
generic,3000,1,64,1,1,1.0,1,0.0,0.0
generic,3000,1,3000,1,1,1.0,1,0.0,0.0
generic,3000,2,1,2,2,1.0,1,0.0,0.0
generic,3000,2,2,2,2,1.0,1,0.0,0.0
generic,3000,2,4,2,2,1.0,1,0.0,0.0
generic,3000,2,8,2,2,1.0,1,0.0,0.0
generic,3000,2,16,2,2,1.0,1,0.0,0.0
generic,3000,2,32,2,2,1.0,1,0.0,0.0
generic,3000,2,64,2,2,1.0,1,0.0,0.0
generic,3000,2,3000,2,2,1.0,1,0.0,0.0
generic,3000,5,1,5,5,1.0,1,0.0,0.0
generic,3000,5,2,5,5,1.0,1,0.0,0.0
generic,3000,5,4,5,5,1.0,1,0.0,0.0
generic,3000,5,8,5,5,1.0,1,0.0,0.0
generic,3000,5,16,5,5,1.0,1,0.0,0.0
generic,3000,5,32,5,5,1.0,1,0.0,0.0
generic,3000,5,64,5,5,1.0,1,0.0,0.0
generic,3000,5,3000,5,5,1.0,1,0.0,0.0
generic,3000,10,1,10,10,1.0,1,0.0,0.0
generic,3000,10,2,10,10,1.0,1,0.0,0.0
generic,3000,10,4,10,10,1.0,1,0.0,0.0
generic,3000,10,8,10,10,1.0,1,0.0,0.0
generic,3000,10,16,10,10,1.0,1,0.0,0.0
generic,3000,10,32,10,10,1.0,1,0.0,0.0
generic,3000,10,64,10,10,1.0,1,0.0,0.0
generic,3000,10,3000,10,10,1.0,1,0.0,0.0
generic,3000,20,1,20,20,1.0,1,0.0,0.0
generic,3000,20,2,20,20,1.0,1,0.0,0.0
generic,3000,20,4,20,20,1.0,1,0.0,0.0
generic,3000,20,8,20,20,1.0,1,0.0,0.0
generic,3000,20,16,20,20,1.0,1,0.0,0.0
generic,3000,20,32,20,20,1.0,1,0.0,0.0
generic,3000,20,64,20,20,1.0,1,0.0,0.0
generic,3000,20,3000,20,20,1.0,1,0.0,0.0
generic,3000,50,1,50,50,1.0,1,0.0,0.0
generic,3000,50,2,50,50,1.0,1,0.0,0.0
generic,3000,50,4,50,50,1.0,1,0.0,0.0
generic,3000,50,8,50,50,1.0,1,0.0,0.0
generic,3000,50,16,50,50,1.0,1,0.0,0.0
generic,3000,50,32,50,50,1.0,1,0.0,0.0
generic,3000,50,64,50,50,1.0,1,0.0,0.0
generic,3000,50,3000,50,50,1.0,1,0.0,0.0
generic,3000,100,1,100,100,1.0,1,0.0,0.0
generic,3000,100,2,100,100,1.0,1,0.0,0.0
generic,3000,100,4,100,100,1.0,1,0.0,0.0
generic,3000,100,8,100,100,1.0,1,0.0,0.0
generic,3000,100,16,100,100,1.0,1,0.0,0.0
generic,3000,100,32,100,100,1.0,1,0.0,0.0
generic,3000,100,64,100,100,1.0,1,0.0,0.0
generic,3000,100,3000,100,100,1.0,1,0.0,0.0
generic,3000,158,1,158,158,1.0,1,0.0,0.0
generic,3000,158,2,158,158,1.0,1,0.0,0.0
generic,3000,158,4,158,158,1.0,1,0.0,0.0
generic,3000,158,8,158,158,1.0,1,0.0,0.0
generic,3000,158,16,158,158,1.0,1,0.0,0.0
generic,3000,158,32,158,158,1.0,1,0.0,0.0
generic,3000,158,64,158,158,1.0,1,0.0,0.0
generic,3000,158,3000,158,158,1.0,1,0.0,0.0
generic,3000,200,1,200,200,1.0,1,0.0,0.0
generic,3000,200,2,200,200,1.0,1,0.0,0.0
generic,3000,200,4,200,200,1.0,1,0.0,0.0
generic,3000,200,8,200,200,1.0,1,0.0,0.0
generic,3000,200,16,200,200,1.0,1,0.0,0.0
generic,3000,200,32,200,200,1.0,1,0.0,0.0
generic,3000,200,64,200,200,1.0,1,0.0,0.0
generic,3000,200,3000,200,200,1.0,1,0.0,0.0
generic,3000,300,1,300,300,1.0,1,0.0,0.0
generic,3000,300,2,300,300,1.0,1,0.0,0.0
generic,3000,300,4,300,300,1.0,1,0.0,0.0
generic,3000,300,8,300,300,1.0,1,0.0,0.0
generic,3000,300,16,300,300,1.0,1,0.0,0.0
generic,3000,300,32,300,300,1.0,1,0.0,0.0
generic,3000,300,64,300,300,1.0,1,0.0,0.0
generic,3000,300,3000,300,300,1.0,1,0.0,0.0
generic,3000,389,1,389,389,1.0,1,0.0,0.0
generic,3000,389,2,389,389,1.0,1,0.0,0.0
generic,3000,389,4,389,389,1.0,1,0.0,0.0
generic,3000,389,8,389,389,1.0,1,0.0,0.0
generic,3000,389,16,389,389,1.0,1,0.0,0.0
generic,3000,389,32,389,389,1.0,1,0.0,0.0
generic,3000,389,64,389,389,1.0,1,0.0,0.0
generic,3000,389,3000,389,389,1.0,1,0.0,0.0
generic,3000,500,1,500,500,1.0,1,0.0,0.0
generic,3000,500,2,500,500,1.0,1,0.0,0.0
generic,3000,500,4,500,500,1.0,1,0.0,0.0
generic,3000,500,8,500,500,1.0,1,0.0,0.0
generic,3000,500,16,500,500,1.0,1,0.0,0.0
generic,3000,500,32,500,500,1.0,1,0.0,0.0
generic,3000,500,64,500,500,1.0,1,0.0,0.0
generic,3000,500,3000,500,500,1.0,1,0.0,0.0
generic,3000,750,1,750,750,1.0,1,0.0,0.0
generic,3000,750,2,750,750,1.0,1,0.0,0.0
generic,3000,750,4,750,750,1.0,1,0.0,0.0
generic,3000,750,8,750,750,1.0,1,0.0,0.0
generic,3000,750,16,750,750,1.0,1,0.0,0.0
generic,3000,750,32,750,750,1.0,1,0.0,0.0
generic,3000,750,64,750,750,1.0,1,0.0,0.0
generic,3000,750,3000,750,750,1.0,1,0.0,0.0
generic,3000,1000,1,1000,1000,1.0,1,0.0,0.0
generic,3000,1000,2,1000,1000,1.0,1,0.0,0.0
generic,3000,1000,4,1000,1000,1.0,1,0.0,0.0
generic,3000,1000,8,1000,1000,1.0,1,0.0,0.0
generic,3000,1000,16,1000,1000,1.0,1,0.0,0.0
generic,3000,1000,32,1000,1000,1.0,1,0.0,0.0
generic,3000,1000,64,1000,1000,1.0,1,0.0,0.0
generic,3000,1000,3000,1000,1000,1.0,1,0.0,0.0
generic,3000,1500,1,1500,1500,1.0,1,0.0,0.0
generic,3000,1500,2,1500,1500,1.0,1,0.0,0.0
generic,3000,1500,4,1500,1500,1.0,1,0.0,0.0
generic,3000,1500,8,1500,1500,1.0,1,0.0,0.0
generic,3000,1500,16,1500,1500,1.0,1,0.0,0.0
generic,3000,1500,32,1500,1500,1.0,1,0.0,0.0
generic,3000,1500,64,1500,1500,1.0,1,0.0,0.0
generic,3000,1500,3000,1500,1500,1.0,1,0.0,0.0
generic,3000,2000,1,2000,2000,1.0,1,0.0,0.0
generic,3000,2000,2,2000,2000,1.0,1,0.0,0.0
generic,3000,2000,4,2000,2000,1.0,1,0.0,0.0
generic,3000,2000,8,2000,2000,1.0,1,0.0,0.0
generic,3000,2000,16,2000,2000,1.0,1,0.0,0.0
generic,3000,2000,32,2000,2000,1.0,1,0.0,0.0
generic,3000,2000,64,2000,2000,1.0,1,0.0,0.0
generic,3000,2000,3000,2000,2000,1.0,1,0.0,0.0
permutation,625,1,1,1,1,1.0,1,0.0,0.0
permutation,625,1,2,1,1,1.0,1,0.0,0.0
permutation,625,1,4,1,1,1.0,1,0.0,0.0
permutation,625,1,8,1,1,1.0,1,0.0,0.0
permutation,625,1,16,1,1,1.0,1,0.0,0.0
permutation,625,1,32,1,1,1.0,1,0.0,0.0
permutation,625,1,64,1,1,1.0,1,0.0,0.0
permutation,625,1,625,1,1,1.0,1,0.0,0.0
permutation,625,2,1,2,1,2.0,2,1.0,1.0
permutation,625,2,2,2,1,2.0,2,1.0,1.0
permutation,625,2,4,2,1,2.0,2,1.0,1.0
permutation,625,2,8,2,2,1.0,1,0.0,0.0
permutation,625,2,16,2,2,1.0,1,0.0,0.0
permutation,625,2,32,2,2,1.0,1,0.0,0.0
permutation,625,2,64,2,2,1.0,1,0.0,0.0
permutation,625,2,625,2,2,1.0,1,0.0,0.0
permutation,625,5,1,5,1,5.0,5,1.0,1.0
permutation,625,5,2,5,1,5.0,5,1.0,1.0
permutation,625,5,4,5,1,5.0,5,1.0,1.0
permutation,625,5,8,5,2,2.5,4,0.8,0.5
permutation,625,5,16,5,4,1.25,2,0.4,0.25
permutation,625,5,32,5,5,1.0,1,0.0,0.0
permutation,625,5,64,5,5,1.0,1,0.0,0.0
permutation,625,5,625,5,5,1.0,1,0.0,0.0
permutation,625,10,1,10,1,10.0,10,1.0,1.0
permutation,625,10,2,10,1,10.0,10,1.0,1.0
permutation,625,10,4,10,1,10.0,10,1.0,1.0
permutation,625,10,8,10,3,3.33,8,0.8,0.3333
permutation,625,10,16,10,7,1.43,3,0.5,0.2857
permutation,625,10,32,10,9,1.11,2,0.2,0.1111
permutation,625,10,64,10,10,1.0,1,0.0,0.0
permutation,625,10,625,10,10,1.0,1,0.0,0.0
permutation,625,20,1,20,1,20.0,20,1.0,1.0
permutation,625,20,2,20,1,20.0,20,1.0,1.0
permutation,625,20,4,20,1,20.0,20,1.0,1.0
permutation,625,20,8,20,4,5.0,17,0.85,0.25
permutation,625,20,16,20,9,2.22,8,0.75,0.4444
permutation,625,20,32,20,17,1.18,2,0.3,0.1765
permutation,625,20,64,20,20,1.0,1,0.0,0.0
permutation,625,20,625,20,20,1.0,1,0.0,0.0
permutation,625,50,1,50,2,25.0,48,1.0,1.0
permutation,625,50,2,50,3,16.67,44,1.0,1.0
permutation,625,50,4,50,5,10.0,41,0.98,0.8
permutation,625,50,8,50,8,6.25,35,0.96,0.75
permutation,625,50,16,50,16,3.12,16,0.9,0.6875
permutation,625,50,32,50,34,1.47,4,0.56,0.3529
permutation,625,50,64,50,50,1.0,1,0.0,0.0
permutation,625,50,625,50,50,1.0,1,0.0,0.0
permutation,625,100,1,100,2,50.0,95,1.0,1.0
permutation,625,100,2,100,3,33.33,90,1.0,1.0
permutation,625,100,4,100,5,20.0,81,1.0,1.0
permutation,625,100,8,100,9,11.11,70,0.99,0.8889
permutation,625,100,16,100,17,5.88,38,0.99,0.9412
permutation,625,100,32,100,50,2.0,7,0.74,0.48
permutation,625,100,64,100,99,1.01,2,0.02,0.0101
permutation,625,100,625,100,100,1.0,1,0.0,0.0
permutation,625,158,1,158,2,79.0,152,1.0,1.0
permutation,625,158,2,158,3,52.67,143,1.0,1.0
permutation,625,158,4,158,5,31.6,130,1.0,1.0
permutation,625,158,8,158,9,17.56,104,1.0,1.0
permutation,625,158,16,158,17,9.29,60,1.0,1.0
permutation,625,158,32,158,67,2.36,8,0.7722,0.4627
permutation,625,158,64,158,156,1.01,2,0.02532,0.01282
permutation,625,158,625,158,158,1.0,1,0.0,0.0
permutation,625,200,1,200,2,100.0,193,1.0,1.0
permutation,625,200,2,200,3,66.67,183,1.0,1.0
permutation,625,200,4,200,5,40.0,164,1.0,1.0
permutation,625,200,8,200,9,22.22,129,1.0,1.0
permutation,625,200,16,200,17,11.76,71,1.0,1.0
permutation,625,200,32,200,79,2.53,11,0.77,0.4177
permutation,625,200,64,200,198,1.01,2,0.02,0.0101
permutation,625,200,625,200,200,1.0,1,0.0,0.0
permutation,625,300,1,300,2,150.0,287,1.0,1.0
permutation,625,300,2,300,3,100.0,273,1.0,1.0
permutation,625,300,4,300,5,60.0,248,1.0,1.0
permutation,625,300,8,300,9,33.33,201,1.0,1.0
permutation,625,300,16,300,17,17.65,101,1.0,1.0
permutation,625,300,32,300,100,3.0,15,0.81,0.43
permutation,625,300,64,300,293,1.02,2,0.04667,0.02389
permutation,625,300,625,300,300,1.0,1,0.0,0.0
permutation,625,389,1,389,2,194.5,373,1.0,1.0
permutation,625,389,2,389,3,129.67,357,1.0,1.0
permutation,625,389,4,389,5,77.8,326,1.0,1.0
permutation,625,389,8,389,9,43.22,270,1.0,1.0
permutation,625,389,16,389,17,22.88,140,1.0,1.0
permutation,625,389,32,389,117,3.32,18,0.8406,0.4701
permutation,625,389,64,389,369,1.05,3,0.1003,0.05149
permutation,625,389,625,389,389,1.0,1,0.0,0.0
permutation,625,500,1,500,2,250.0,482,1.0,1.0
permutation,625,500,2,500,3,166.67,463,1.0,1.0
permutation,625,500,4,500,5,100.0,423,1.0,1.0
permutation,625,500,8,500,9,55.56,347,1.0,1.0
permutation,625,500,16,500,17,29.41,185,1.0,1.0
permutation,625,500,32,500,131,3.82,21,0.872,0.5115
permutation,625,500,64,500,460,1.09,3,0.152,0.07826
permutation,625,500,625,500,500,1.0,1,0.0,0.0
permutation,625,750,1,750,2,375.0,720,1.0,1.0
permutation,625,750,2,750,3,250.0,695,1.0,1.0
permutation,625,750,4,750,5,150.0,637,1.0,1.0
permutation,625,750,8,750,9,83.33,523,1.0,1.0
permutation,625,750,16,750,17,44.12,271,1.0,1.0
permutation,625,750,32,750,150,5.0,28,0.928,0.64
permutation,625,750,64,750,661,1.13,3,0.2147,0.1089
permutation,625,750,625,750,750,1.0,1,0.0,0.0
permutation,625,1000,1,1000,2,500.0,964,1.0,1.0
permutation,625,1000,2,1000,3,333.33,929,1.0,1.0
permutation,625,1000,4,1000,5,200.0,852,1.0,1.0
permutation,625,1000,8,1000,9,111.11,695,1.0,1.0
permutation,625,1000,16,1000,17,58.82,366,1.0,1.0
permutation,625,1000,32,1000,164,6.1,40,0.946,0.6707
permutation,625,1000,64,1000,847,1.18,4,0.273,0.1417
permutation,625,1000,625,1000,1000,1.0,1,0.0,0.0
permutation,625,1500,1,1500,2,750.0,1450,1.0,1.0
permutation,625,1500,2,1500,3,500.0,1395,1.0,1.0
permutation,625,1500,4,1500,5,300.0,1279,1.0,1.0
permutation,625,1500,8,1500,9,166.67,1042,1.0,1.0
permutation,625,1500,16,1500,17,88.24,563,1.0,1.0
permutation,625,1500,32,1500,181,8.29,54,0.976,0.8011
permutation,625,1500,64,1500,1191,1.26,7,0.3553,0.1881
permutation,625,1500,625,1500,1500,1.0,1,0.0,0.0
permutation,625,2000,1,2000,2,1000.0,1935,1.0,1.0
permutation,625,2000,2,2000,3,666.67,1862,1.0,1.0
permutation,625,2000,4,2000,5,400.0,1717,1.0,1.0
permutation,625,2000,8,2000,9,222.22,1420,1.0,1.0
permutation,625,2000,16,2000,17,117.65,771,1.0,1.0
permutation,625,2000,32,2000,189,10.58,71,0.991,0.9048
permutation,625,2000,64,2000,1497,1.34,8,0.42,0.2251
permutation,625,2000,625,2000,2000,1.0,1,0.0,0.0
permutation,3600,1,1,1,1,1.0,1,0.0,0.0
permutation,3600,1,2,1,1,1.0,1,0.0,0.0
permutation,3600,1,4,1,1,1.0,1,0.0,0.0
permutation,3600,1,8,1,1,1.0,1,0.0,0.0
permutation,3600,1,16,1,1,1.0,1,0.0,0.0
permutation,3600,1,32,1,1,1.0,1,0.0,0.0
permutation,3600,1,64,1,1,1.0,1,0.0,0.0
permutation,3600,1,3600,1,1,1.0,1,0.0,0.0
permutation,3600,2,1,2,1,2.0,2,1.0,1.0
permutation,3600,2,2,2,1,2.0,2,1.0,1.0
permutation,3600,2,4,2,1,2.0,2,1.0,1.0
permutation,3600,2,8,2,1,2.0,2,1.0,1.0
permutation,3600,2,16,2,2,1.0,1,0.0,0.0
permutation,3600,2,32,2,2,1.0,1,0.0,0.0
permutation,3600,2,64,2,2,1.0,1,0.0,0.0
permutation,3600,2,3600,2,2,1.0,1,0.0,0.0
permutation,3600,5,1,5,1,5.0,5,1.0,1.0
permutation,3600,5,2,5,1,5.0,5,1.0,1.0
permutation,3600,5,4,5,1,5.0,5,1.0,1.0
permutation,3600,5,8,5,1,5.0,5,1.0,1.0
permutation,3600,5,16,5,3,1.67,3,0.6,0.3333
permutation,3600,5,32,5,4,1.25,2,0.4,0.25
permutation,3600,5,64,5,5,1.0,1,0.0,0.0
permutation,3600,5,3600,5,5,1.0,1,0.0,0.0
permutation,3600,10,1,10,1,10.0,10,1.0,1.0
permutation,3600,10,2,10,1,10.0,10,1.0,1.0
permutation,3600,10,4,10,1,10.0,10,1.0,1.0
permutation,3600,10,8,10,2,5.0,9,0.9,0.5
permutation,3600,10,16,10,5,2.0,6,0.6,0.2
permutation,3600,10,32,10,8,1.25,2,0.4,0.25
permutation,3600,10,64,10,9,1.11,2,0.2,0.1111
permutation,3600,10,3600,10,10,1.0,1,0.0,0.0
permutation,3600,20,1,20,1,20.0,20,1.0,1.0
permutation,3600,20,2,20,1,20.0,20,1.0,1.0
permutation,3600,20,4,20,1,20.0,20,1.0,1.0
permutation,3600,20,8,20,3,6.67,17,0.95,0.6667
permutation,3600,20,16,20,8,2.5,11,0.75,0.375
permutation,3600,20,32,20,12,1.67,5,0.65,0.4167
permutation,3600,20,64,20,16,1.25,2,0.4,0.25
permutation,3600,20,3600,20,20,1.0,1,0.0,0.0
permutation,3600,50,1,50,2,25.0,49,0.98,0.5
permutation,3600,50,2,50,2,25.0,49,0.98,0.5
permutation,3600,50,4,50,2,25.0,49,0.98,0.5
permutation,3600,50,8,50,6,8.33,41,0.94,0.5
permutation,3600,50,16,50,12,4.17,32,0.86,0.4167
permutation,3600,50,32,50,22,2.27,16,0.78,0.5
permutation,3600,50,64,50,32,1.56,3,0.64,0.4375
permutation,3600,50,3600,50,50,1.0,1,0.0,0.0
permutation,3600,100,1,100,2,50.0,98,1.0,1.0
permutation,3600,100,2,100,3,33.33,96,1.0,1.0
permutation,3600,100,4,100,4,25.0,95,0.99,0.75
permutation,3600,100,8,100,8,12.5,82,0.97,0.625
permutation,3600,100,16,100,14,7.14,67,0.96,0.7143
permutation,3600,100,32,100,28,3.57,41,0.92,0.7143
permutation,3600,100,64,100,50,2.0,7,0.83,0.66
permutation,3600,100,3600,100,100,1.0,1,0.0,0.0
permutation,3600,158,1,158,2,79.0,154,1.0,1.0
permutation,3600,158,2,158,3,52.67,150,1.0,1.0
permutation,3600,158,4,158,5,31.6,146,1.0,1.0
permutation,3600,158,8,158,9,17.56,130,0.9937,0.8889
permutation,3600,158,16,158,17,9.29,105,0.981,0.8235
permutation,3600,158,32,158,33,4.79,68,0.9557,0.7879
permutation,3600,158,64,158,63,2.51,7,0.8734,0.6825
permutation,3600,158,3600,158,158,1.0,1,0.0,0.0
permutation,3600,200,1,200,2,100.0,196,1.0,1.0
permutation,3600,200,2,200,3,66.67,191,1.0,1.0
permutation,3600,200,4,200,5,40.0,184,1.0,1.0
permutation,3600,200,8,200,9,22.22,163,1.0,1.0
permutation,3600,200,16,200,17,11.76,129,0.995,0.9412
permutation,3600,200,32,200,33,6.06,83,0.99,0.9394
permutation,3600,200,64,200,68,2.94,9,0.92,0.7647
permutation,3600,200,3600,200,200,1.0,1,0.0,0.0
permutation,3600,300,1,300,2,150.0,295,1.0,1.0
permutation,3600,300,2,300,3,100.0,287,1.0,1.0
permutation,3600,300,4,300,5,60.0,277,1.0,1.0
permutation,3600,300,8,300,9,33.33,247,1.0,1.0
permutation,3600,300,16,300,17,17.65,205,0.9967,0.9412
permutation,3600,300,32,300,33,9.09,136,0.9933,0.9394
permutation,3600,300,64,300,79,3.8,11,0.9233,0.7089
permutation,3600,300,3600,300,300,1.0,1,0.0,0.0
permutation,3600,389,1,389,2,194.5,383,1.0,1.0
permutation,3600,389,2,389,3,129.67,374,1.0,1.0
permutation,3600,389,4,389,5,77.8,360,1.0,1.0
permutation,3600,389,8,389,9,43.22,325,1.0,1.0
permutation,3600,389,16,389,17,22.88,274,1.0,1.0
permutation,3600,389,32,389,33,11.79,178,1.0,1.0
permutation,3600,389,64,389,84,4.63,11,0.9409,0.7262
permutation,3600,389,3600,389,389,1.0,1,0.0,0.0
permutation,3600,500,1,500,2,250.0,488,1.0,1.0
permutation,3600,500,2,500,3,166.67,477,1.0,1.0
permutation,3600,500,4,500,5,100.0,462,1.0,1.0
permutation,3600,500,8,500,9,55.56,418,1.0,1.0
permutation,3600,500,16,500,17,29.41,355,1.0,1.0
permutation,3600,500,32,500,33,15.15,228,1.0,1.0
permutation,3600,500,64,500,87,5.75,14,0.948,0.7011
permutation,3600,500,3600,500,500,1.0,1,0.0,0.0
permutation,3600,750,1,750,2,375.0,731,1.0,1.0
permutation,3600,750,2,750,3,250.0,718,1.0,1.0
permutation,3600,750,4,750,5,150.0,698,1.0,1.0
permutation,3600,750,8,750,9,83.33,635,1.0,1.0
permutation,3600,750,16,750,17,44.12,531,1.0,1.0
permutation,3600,750,32,750,33,22.73,348,1.0,1.0
permutation,3600,750,64,750,103,7.28,21,0.9453,0.6019
permutation,3600,750,3600,750,750,1.0,1,0.0,0.0
permutation,3600,1000,1,1000,2,500.0,977,1.0,1.0
permutation,3600,1000,2,1000,3,333.33,960,1.0,1.0
permutation,3600,1000,4,1000,5,200.0,936,1.0,1.0
permutation,3600,1000,8,1000,9,111.11,857,1.0,1.0
permutation,3600,1000,16,1000,17,58.82,710,1.0,1.0
permutation,3600,1000,32,1000,33,30.3,471,1.0,1.0
permutation,3600,1000,64,1000,118,8.47,25,0.948,0.5593
permutation,3600,1000,3600,1000,1000,1.0,1,0.0,0.0
permutation,3600,1500,1,1500,2,750.0,1470,1.0,1.0
permutation,3600,1500,2,1500,3,500.0,1449,1.0,1.0
permutation,3600,1500,4,1500,5,300.0,1410,1.0,1.0
permutation,3600,1500,8,1500,9,166.67,1278,1.0,1.0
permutation,3600,1500,16,1500,17,88.24,1065,1.0,1.0
permutation,3600,1500,32,1500,33,45.45,696,1.0,1.0
permutation,3600,1500,64,1500,147,10.2,34,0.9507,0.4966
permutation,3600,1500,3600,1500,1500,1.0,1,0.0,0.0
permutation,3600,2000,1,2000,2,1000.0,1962,1.0,1.0
permutation,3600,2000,2,2000,3,666.67,1933,1.0,1.0
permutation,3600,2000,4,2000,5,400.0,1883,1.0,1.0
permutation,3600,2000,8,2000,9,222.22,1720,1.0,1.0
permutation,3600,2000,16,2000,17,117.65,1445,1.0,1.0
permutation,3600,2000,32,2000,33,60.61,941,1.0,1.0
permutation,3600,2000,64,2000,168,11.9,46,0.9565,0.4821
permutation,3600,2000,3600,2000,2000,1.0,1,0.0,0.0
box,625,1,1,1,1,1.0,1,0.0,0.0
box,625,1,2,1,1,1.0,1,0.0,0.0
box,625,1,4,1,1,1.0,1,0.0,0.0
box,625,1,8,1,1,1.0,1,0.0,0.0
box,625,1,16,1,1,1.0,1,0.0,0.0
box,625,1,32,1,1,1.0,1,0.0,0.0
box,625,1,64,1,1,1.0,1,0.0,0.0
box,625,1,625,1,1,1.0,1,0.0,0.0
box,625,2,1,2,1,2.0,2,1.0,1.0
box,625,2,2,2,1,2.0,2,1.0,1.0
box,625,2,4,2,2,1.0,1,0.0,0.0
box,625,2,8,2,2,1.0,1,0.0,0.0
box,625,2,16,2,2,1.0,1,0.0,0.0
box,625,2,32,2,2,1.0,1,0.0,0.0
box,625,2,64,2,2,1.0,1,0.0,0.0
box,625,2,625,2,2,1.0,1,0.0,0.0
box,625,5,1,5,2,2.5,4,0.8,0.5
box,625,5,2,5,3,1.67,3,0.6,0.3333
box,625,5,4,5,5,1.0,1,0.0,0.0
box,625,5,8,5,5,1.0,1,0.0,0.0
box,625,5,16,5,5,1.0,1,0.0,0.0
box,625,5,32,5,5,1.0,1,0.0,0.0
box,625,5,64,5,5,1.0,1,0.0,0.0
box,625,5,625,5,5,1.0,1,0.0,0.0
box,625,10,1,10,2,5.0,8,1.0,1.0
box,625,10,2,10,4,2.5,5,0.8,0.5
box,625,10,4,10,7,1.43,3,0.5,0.2857
box,625,10,8,10,10,1.0,1,0.0,0.0
box,625,10,16,10,10,1.0,1,0.0,0.0
box,625,10,32,10,10,1.0,1,0.0,0.0
box,625,10,64,10,10,1.0,1,0.0,0.0
box,625,10,625,10,10,1.0,1,0.0,0.0
box,625,20,1,20,2,10.0,13,1.0,1.0
box,625,20,2,20,4,5.0,7,1.0,1.0
box,625,20,4,20,11,1.82,4,0.7,0.4545
box,625,20,8,20,19,1.05,2,0.1,0.05263
box,625,20,16,20,20,1.0,1,0.0,0.0
box,625,20,32,20,20,1.0,1,0.0,0.0
box,625,20,64,20,20,1.0,1,0.0,0.0
box,625,20,625,20,20,1.0,1,0.0,0.0
box,625,50,1,50,2,25.0,26,1.0,1.0
box,625,50,2,50,4,12.5,16,1.0,1.0
box,625,50,4,50,16,3.12,7,0.94,0.8125
box,625,50,8,50,43,1.16,2,0.28,0.1628
box,625,50,16,50,50,1.0,1,0.0,0.0
box,625,50,32,50,50,1.0,1,0.0,0.0
box,625,50,64,50,50,1.0,1,0.0,0.0
box,625,50,625,50,50,1.0,1,0.0,0.0
box,625,100,1,100,2,50.0,50,1.0,1.0
box,625,100,2,100,4,25.0,31,1.0,1.0
box,625,100,4,100,16,6.25,11,1.0,1.0
box,625,100,8,100,82,1.22,3,0.34,0.1951
box,625,100,16,100,100,1.0,1,0.0,0.0
box,625,100,32,100,100,1.0,1,0.0,0.0
box,625,100,64,100,100,1.0,1,0.0,0.0
box,625,100,625,100,100,1.0,1,0.0,0.0
box,625,158,1,158,2,79.0,81,1.0,1.0
box,625,158,2,158,4,39.5,44,1.0,1.0
box,625,158,4,158,16,9.88,18,1.0,1.0
box,625,158,8,158,116,1.36,5,0.4747,0.2845
box,625,158,16,158,158,1.0,1,0.0,0.0
box,625,158,32,158,158,1.0,1,0.0,0.0
box,625,158,64,158,158,1.0,1,0.0,0.0
box,625,158,625,158,158,1.0,1,0.0,0.0
box,625,200,1,200,2,100.0,102,1.0,1.0
box,625,200,2,200,4,50.0,58,1.0,1.0
box,625,200,4,200,16,12.5,22,1.0,1.0
box,625,200,8,200,140,1.43,5,0.53,0.3286
box,625,200,16,200,200,1.0,1,0.0,0.0
box,625,200,32,200,200,1.0,1,0.0,0.0
box,625,200,64,200,200,1.0,1,0.0,0.0
box,625,200,625,200,200,1.0,1,0.0,0.0
box,625,300,1,300,2,150.0,158,1.0,1.0
box,625,300,2,300,4,75.0,88,1.0,1.0
box,625,300,4,300,16,18.75,27,1.0,1.0
box,625,300,8,300,182,1.65,5,0.67,0.456
box,625,300,16,300,300,1.0,1,0.0,0.0
box,625,300,32,300,300,1.0,1,0.0,0.0
box,625,300,64,300,300,1.0,1,0.0,0.0
box,625,300,625,300,300,1.0,1,0.0,0.0
box,625,389,1,389,2,194.5,201,1.0,1.0
box,625,389,2,389,4,97.25,104,1.0,1.0
box,625,389,4,389,16,24.31,34,1.0,1.0
box,625,389,8,389,205,1.9,6,0.7789,0.5805
box,625,389,16,389,389,1.0,1,0.0,0.0
box,625,389,32,389,389,1.0,1,0.0,0.0
box,625,389,64,389,389,1.0,1,0.0,0.0
box,625,389,625,389,389,1.0,1,0.0,0.0
box,625,500,1,500,2,250.0,266,1.0,1.0
box,625,500,2,500,4,125.0,136,1.0,1.0
box,625,500,4,500,16,31.25,43,1.0,1.0
box,625,500,8,500,228,2.19,7,0.838,0.6447
box,625,500,16,500,499,1.0,2,0.004,0.002004
box,625,500,32,500,500,1.0,1,0.0,0.0
box,625,500,64,500,500,1.0,1,0.0,0.0
box,625,500,625,500,500,1.0,1,0.0,0.0
box,625,750,1,750,2,375.0,392,1.0,1.0
box,625,750,2,750,4,187.5,198,1.0,1.0
box,625,750,4,750,16,46.88,62,1.0,1.0
box,625,750,8,750,245,3.06,7,0.948,0.8408
box,625,750,16,750,747,1.0,2,0.008,0.004016
box,625,750,32,750,750,1.0,1,0.0,0.0
box,625,750,64,750,750,1.0,1,0.0,0.0
box,625,750,625,750,750,1.0,1,0.0,0.0
box,625,1000,1,1000,2,500.0,528,1.0,1.0
box,625,1000,2,1000,4,250.0,273,1.0,1.0
box,625,1000,4,1000,16,62.5,76,1.0,1.0
box,625,1000,8,1000,253,3.95,9,0.981,0.9249
box,625,1000,16,1000,994,1.01,2,0.012,0.006036
box,625,1000,32,1000,1000,1.0,1,0.0,0.0
box,625,1000,64,1000,1000,1.0,1,0.0,0.0
box,625,1000,625,1000,1000,1.0,1,0.0,0.0
box,625,1500,1,1500,2,750.0,781,1.0,1.0
box,625,1500,2,1500,4,375.0,410,1.0,1.0
box,625,1500,4,1500,16,93.75,109,1.0,1.0
box,625,1500,8,1500,256,5.86,13,0.9987,0.9922
box,625,1500,16,1500,1484,1.01,2,0.02133,0.01078
box,625,1500,32,1500,1500,1.0,1,0.0,0.0
box,625,1500,64,1500,1500,1.0,1,0.0,0.0
box,625,1500,625,1500,1500,1.0,1,0.0,0.0
box,625,2000,1,2000,2,1000.0,1025,1.0,1.0
box,625,2000,2,2000,4,500.0,548,1.0,1.0
box,625,2000,4,2000,16,125.0,145,1.0,1.0
box,625,2000,8,2000,256,7.81,18,0.9995,0.9961
box,625,2000,16,2000,1971,1.01,2,0.029,0.01471
box,625,2000,32,2000,2000,1.0,1,0.0,0.0
box,625,2000,64,2000,2000,1.0,1,0.0,0.0
box,625,2000,625,2000,2000,1.0,1,0.0,0.0
box,3600,1,1,1,1,1.0,1,0.0,0.0
box,3600,1,2,1,1,1.0,1,0.0,0.0
box,3600,1,4,1,1,1.0,1,0.0,0.0
box,3600,1,8,1,1,1.0,1,0.0,0.0
box,3600,1,16,1,1,1.0,1,0.0,0.0
box,3600,1,32,1,1,1.0,1,0.0,0.0
box,3600,1,64,1,1,1.0,1,0.0,0.0
box,3600,1,3600,1,1,1.0,1,0.0,0.0
box,3600,2,1,2,2,1.0,1,0.0,0.0
box,3600,2,2,2,2,1.0,1,0.0,0.0
box,3600,2,4,2,2,1.0,1,0.0,0.0
box,3600,2,8,2,2,1.0,1,0.0,0.0
box,3600,2,16,2,2,1.0,1,0.0,0.0
box,3600,2,32,2,2,1.0,1,0.0,0.0
box,3600,2,64,2,2,1.0,1,0.0,0.0
box,3600,2,3600,2,2,1.0,1,0.0,0.0
box,3600,5,1,5,2,2.5,3,1.0,1.0
box,3600,5,2,5,3,1.67,2,0.8,0.6667
box,3600,5,4,5,4,1.25,2,0.4,0.25
box,3600,5,8,5,5,1.0,1,0.0,0.0
box,3600,5,16,5,5,1.0,1,0.0,0.0
box,3600,5,32,5,5,1.0,1,0.0,0.0
box,3600,5,64,5,5,1.0,1,0.0,0.0
box,3600,5,3600,5,5,1.0,1,0.0,0.0
box,3600,10,1,10,2,5.0,6,1.0,1.0
box,3600,10,2,10,4,2.5,5,0.9,0.75
box,3600,10,4,10,8,1.25,2,0.4,0.25
box,3600,10,8,10,10,1.0,1,0.0,0.0
box,3600,10,16,10,10,1.0,1,0.0,0.0
box,3600,10,32,10,10,1.0,1,0.0,0.0
box,3600,10,64,10,10,1.0,1,0.0,0.0
box,3600,10,3600,10,10,1.0,1,0.0,0.0
box,3600,20,1,20,2,10.0,12,1.0,1.0
box,3600,20,2,20,4,5.0,6,1.0,1.0
box,3600,20,4,20,14,1.43,3,0.55,0.3571
box,3600,20,8,20,20,1.0,1,0.0,0.0
box,3600,20,16,20,20,1.0,1,0.0,0.0
box,3600,20,32,20,20,1.0,1,0.0,0.0
box,3600,20,64,20,20,1.0,1,0.0,0.0
box,3600,20,3600,20,20,1.0,1,0.0,0.0
box,3600,50,1,50,2,25.0,28,1.0,1.0
box,3600,50,2,50,4,12.5,15,1.0,1.0
box,3600,50,4,50,16,3.12,7,0.94,0.8125
box,3600,50,8,50,48,1.04,2,0.08,0.04167
box,3600,50,16,50,50,1.0,1,0.0,0.0
box,3600,50,32,50,50,1.0,1,0.0,0.0
box,3600,50,64,50,50,1.0,1,0.0,0.0
box,3600,50,3600,50,50,1.0,1,0.0,0.0
box,3600,100,1,100,2,50.0,54,1.0,1.0
box,3600,100,2,100,4,25.0,34,1.0,1.0
box,3600,100,4,100,16,6.25,11,1.0,1.0
box,3600,100,8,100,87,1.15,3,0.25,0.1379
box,3600,100,16,100,100,1.0,1,0.0,0.0
box,3600,100,32,100,100,1.0,1,0.0,0.0
box,3600,100,64,100,100,1.0,1,0.0,0.0
box,3600,100,3600,100,100,1.0,1,0.0,0.0
box,3600,158,1,158,2,79.0,81,1.0,1.0
box,3600,158,2,158,4,39.5,47,1.0,1.0
box,3600,158,4,158,16,9.88,15,1.0,1.0
box,3600,158,8,158,122,1.3,3,0.4241,0.2541
box,3600,158,16,158,158,1.0,1,0.0,0.0
box,3600,158,32,158,158,1.0,1,0.0,0.0
box,3600,158,64,158,158,1.0,1,0.0,0.0
box,3600,158,3600,158,158,1.0,1,0.0,0.0
box,3600,200,1,200,2,100.0,106,1.0,1.0
box,3600,200,2,200,4,50.0,58,1.0,1.0
box,3600,200,4,200,16,12.5,20,1.0,1.0
box,3600,200,8,200,140,1.43,4,0.54,0.3429
box,3600,200,16,200,200,1.0,1,0.0,0.0
box,3600,200,32,200,200,1.0,1,0.0,0.0
box,3600,200,64,200,200,1.0,1,0.0,0.0
box,3600,200,3600,200,200,1.0,1,0.0,0.0
box,3600,300,1,300,2,150.0,155,1.0,1.0
box,3600,300,2,300,4,75.0,85,1.0,1.0
box,3600,300,4,300,16,18.75,29,1.0,1.0
box,3600,300,8,300,178,1.69,5,0.69,0.4775
box,3600,300,16,300,300,1.0,1,0.0,0.0
box,3600,300,32,300,300,1.0,1,0.0,0.0
box,3600,300,64,300,300,1.0,1,0.0,0.0
box,3600,300,3600,300,300,1.0,1,0.0,0.0
box,3600,389,1,389,2,194.5,201,1.0,1.0
box,3600,389,2,389,4,97.25,105,1.0,1.0
box,3600,389,4,389,16,24.31,35,1.0,1.0
box,3600,389,8,389,199,1.95,6,0.7969,0.603
box,3600,389,16,389,386,1.01,2,0.01542,0.007772
box,3600,389,32,389,389,1.0,1,0.0,0.0
box,3600,389,64,389,389,1.0,1,0.0,0.0
box,3600,389,3600,389,389,1.0,1,0.0,0.0
box,3600,500,1,500,2,250.0,251,1.0,1.0
box,3600,500,2,500,4,125.0,132,1.0,1.0
box,3600,500,4,500,16,31.25,39,1.0,1.0
box,3600,500,8,500,216,2.31,6,0.87,0.6991
box,3600,500,16,500,497,1.01,2,0.012,0.006036
box,3600,500,32,500,500,1.0,1,0.0,0.0
box,3600,500,64,500,500,1.0,1,0.0,0.0
box,3600,500,3600,500,500,1.0,1,0.0,0.0
box,3600,750,1,750,2,375.0,381,1.0,1.0
box,3600,750,2,750,4,187.5,201,1.0,1.0
box,3600,750,4,750,16,46.88,61,1.0,1.0
box,3600,750,8,750,241,3.11,8,0.9413,0.8174
box,3600,750,16,750,743,1.01,2,0.01867,0.009421
box,3600,750,32,750,750,1.0,1,0.0,0.0
box,3600,750,64,750,750,1.0,1,0.0,0.0
box,3600,750,3600,750,750,1.0,1,0.0,0.0
box,3600,1000,1,1000,2,500.0,515,1.0,1.0
box,3600,1000,2,1000,4,250.0,259,1.0,1.0
box,3600,1000,4,1000,16,62.5,79,1.0,1.0
box,3600,1000,8,1000,252,3.97,10,0.981,0.9246
box,3600,1000,16,1000,988,1.01,2,0.024,0.01215
box,3600,1000,32,1000,1000,1.0,1,0.0,0.0
box,3600,1000,64,1000,1000,1.0,1,0.0,0.0
box,3600,1000,3600,1000,1000,1.0,1,0.0,0.0
box,3600,1500,1,1500,2,750.0,773,1.0,1.0
box,3600,1500,2,1500,4,375.0,395,1.0,1.0
box,3600,1500,4,1500,16,93.75,112,1.0,1.0
box,3600,1500,8,1500,255,5.88,19,0.9953,0.9725
box,3600,1500,16,1500,1478,1.01,2,0.02933,0.01488
box,3600,1500,32,1500,1500,1.0,1,0.0,0.0
box,3600,1500,64,1500,1500,1.0,1,0.0,0.0
box,3600,1500,3600,1500,1500,1.0,1,0.0,0.0
box,3600,2000,1,2000,2,1000.0,1025,1.0,1.0
box,3600,2000,2,2000,4,500.0,530,1.0,1.0
box,3600,2000,4,2000,16,125.0,145,1.0,1.0
box,3600,2000,8,2000,256,7.81,21,0.9995,0.9961
box,3600,2000,16,2000,1970,1.02,2,0.03,0.01523
box,3600,2000,32,2000,2000,1.0,1,0.0,0.0
box,3600,2000,64,2000,2000,1.0,1,0.0,0.0
box,3600,2000,3600,2000,2000,1.0,1,0.0,0.0
box,3000,1,1,1,1,1.0,1,0.0,0.0
box,3000,1,2,1,1,1.0,1,0.0,0.0
box,3000,1,4,1,1,1.0,1,0.0,0.0
box,3000,1,8,1,1,1.0,1,0.0,0.0
box,3000,1,16,1,1,1.0,1,0.0,0.0
box,3000,1,32,1,1,1.0,1,0.0,0.0
box,3000,1,64,1,1,1.0,1,0.0,0.0
box,3000,1,3000,1,1,1.0,1,0.0,0.0
box,3000,2,1,2,1,2.0,2,1.0,1.0
box,3000,2,2,2,1,2.0,2,1.0,1.0
box,3000,2,4,2,2,1.0,1,0.0,0.0
box,3000,2,8,2,2,1.0,1,0.0,0.0
box,3000,2,16,2,2,1.0,1,0.0,0.0
box,3000,2,32,2,2,1.0,1,0.0,0.0
box,3000,2,64,2,2,1.0,1,0.0,0.0
box,3000,2,3000,2,2,1.0,1,0.0,0.0
box,3000,5,1,5,2,2.5,3,1.0,1.0
box,3000,5,2,5,3,1.67,2,0.8,0.6667
box,3000,5,4,5,4,1.25,2,0.4,0.25
box,3000,5,8,5,5,1.0,1,0.0,0.0
box,3000,5,16,5,5,1.0,1,0.0,0.0
box,3000,5,32,5,5,1.0,1,0.0,0.0
box,3000,5,64,5,5,1.0,1,0.0,0.0
box,3000,5,3000,5,5,1.0,1,0.0,0.0
box,3000,10,1,10,2,5.0,5,1.0,1.0
box,3000,10,2,10,3,3.33,5,1.0,1.0
box,3000,10,4,10,8,1.25,2,0.4,0.25
box,3000,10,8,10,10,1.0,1,0.0,0.0
box,3000,10,16,10,10,1.0,1,0.0,0.0
box,3000,10,32,10,10,1.0,1,0.0,0.0
box,3000,10,64,10,10,1.0,1,0.0,0.0
box,3000,10,3000,10,10,1.0,1,0.0,0.0
box,3000,20,1,20,2,10.0,11,1.0,1.0
box,3000,20,2,20,4,5.0,7,1.0,1.0
box,3000,20,4,20,12,1.67,3,0.75,0.5833
box,3000,20,8,20,19,1.05,2,0.1,0.05263
box,3000,20,16,20,20,1.0,1,0.0,0.0
box,3000,20,32,20,20,1.0,1,0.0,0.0
box,3000,20,64,20,20,1.0,1,0.0,0.0
box,3000,20,3000,20,20,1.0,1,0.0,0.0
box,3000,50,1,50,2,25.0,26,1.0,1.0
box,3000,50,2,50,4,12.5,14,1.0,1.0
box,3000,50,4,50,16,3.12,7,0.96,0.875
box,3000,50,8,50,47,1.06,2,0.12,0.06383
box,3000,50,16,50,50,1.0,1,0.0,0.0
box,3000,50,32,50,50,1.0,1,0.0,0.0
box,3000,50,64,50,50,1.0,1,0.0,0.0
box,3000,50,3000,50,50,1.0,1,0.0,0.0
box,3000,100,1,100,2,50.0,52,1.0,1.0
box,3000,100,2,100,4,25.0,32,1.0,1.0
box,3000,100,4,100,16,6.25,11,1.0,1.0
box,3000,100,8,100,85,1.18,3,0.27,0.1412
box,3000,100,16,100,100,1.0,1,0.0,0.0
box,3000,100,32,100,100,1.0,1,0.0,0.0
box,3000,100,64,100,100,1.0,1,0.0,0.0
box,3000,100,3000,100,100,1.0,1,0.0,0.0
box,3000,158,1,158,2,79.0,79,1.0,1.0
box,3000,158,2,158,4,39.5,43,1.0,1.0
box,3000,158,4,158,16,9.88,15,1.0,1.0
box,3000,158,8,158,123,1.28,3,0.4114,0.2439
box,3000,158,16,158,158,1.0,1,0.0,0.0
box,3000,158,32,158,158,1.0,1,0.0,0.0
box,3000,158,64,158,158,1.0,1,0.0,0.0
box,3000,158,3000,158,158,1.0,1,0.0,0.0
box,3000,200,1,200,2,100.0,104,1.0,1.0
box,3000,200,2,200,4,50.0,53,1.0,1.0
box,3000,200,4,200,16,12.5,18,1.0,1.0
box,3000,200,8,200,150,1.33,4,0.455,0.2733
box,3000,200,16,200,200,1.0,1,0.0,0.0
box,3000,200,32,200,200,1.0,1,0.0,0.0
box,3000,200,64,200,200,1.0,1,0.0,0.0
box,3000,200,3000,200,200,1.0,1,0.0,0.0
box,3000,300,1,300,2,150.0,158,1.0,1.0
box,3000,300,2,300,4,75.0,80,1.0,1.0
box,3000,300,4,300,16,18.75,27,1.0,1.0
box,3000,300,8,300,180,1.67,5,0.6767,0.4611
box,3000,300,16,300,299,1.0,2,0.006667,0.003344
box,3000,300,32,300,300,1.0,1,0.0,0.0
box,3000,300,64,300,300,1.0,1,0.0,0.0
box,3000,300,3000,300,300,1.0,1,0.0,0.0
box,3000,389,1,389,2,194.5,198,1.0,1.0
box,3000,389,2,389,4,97.25,101,1.0,1.0
box,3000,389,4,389,16,24.31,33,1.0,1.0
box,3000,389,8,389,201,1.94,6,0.7841,0.5821
box,3000,389,16,389,387,1.01,2,0.01028,0.005168
box,3000,389,32,389,389,1.0,1,0.0,0.0
box,3000,389,64,389,389,1.0,1,0.0,0.0
box,3000,389,3000,389,389,1.0,1,0.0,0.0
box,3000,500,1,500,2,250.0,254,1.0,1.0
box,3000,500,2,500,4,125.0,130,1.0,1.0
box,3000,500,4,500,16,31.25,38,1.0,1.0
box,3000,500,8,500,233,2.15,6,0.846,0.6695
box,3000,500,16,500,498,1.0,2,0.008,0.004016
box,3000,500,32,500,500,1.0,1,0.0,0.0
box,3000,500,64,500,500,1.0,1,0.0,0.0
box,3000,500,3000,500,500,1.0,1,0.0,0.0
box,3000,750,1,750,2,375.0,380,1.0,1.0
box,3000,750,2,750,4,187.5,200,1.0,1.0
box,3000,750,4,750,16,46.88,61,1.0,1.0
box,3000,750,8,750,252,2.98,8,0.9347,0.8056
box,3000,750,16,750,746,1.01,2,0.01067,0.005362
box,3000,750,32,750,750,1.0,1,0.0,0.0
box,3000,750,64,750,750,1.0,1,0.0,0.0
box,3000,750,3000,750,750,1.0,1,0.0,0.0
box,3000,1000,1,1000,2,500.0,514,1.0,1.0
box,3000,1000,2,1000,4,250.0,264,1.0,1.0
box,3000,1000,4,1000,16,62.5,71,1.0,1.0
box,3000,1000,8,1000,254,3.94,9,0.982,0.9291
box,3000,1000,16,1000,995,1.01,2,0.01,0.005025
box,3000,1000,32,1000,1000,1.0,1,0.0,0.0
box,3000,1000,64,1000,1000,1.0,1,0.0,0.0
box,3000,1000,3000,1000,1000,1.0,1,0.0,0.0
box,3000,1500,1,1500,2,750.0,785,1.0,1.0
box,3000,1500,2,1500,4,375.0,400,1.0,1.0
box,3000,1500,4,1500,16,93.75,106,1.0,1.0
box,3000,1500,8,1500,256,5.86,12,0.9967,0.9805
box,3000,1500,16,1500,1487,1.01,2,0.01733,0.008742
box,3000,1500,32,1500,1500,1.0,1,0.0,0.0
box,3000,1500,64,1500,1500,1.0,1,0.0,0.0
box,3000,1500,3000,1500,1500,1.0,1,0.0,0.0
box,3000,2000,1,2000,2,1000.0,1057,1.0,1.0
box,3000,2000,2,2000,4,500.0,533,1.0,1.0
box,3000,2000,4,2000,16,125.0,142,1.0,1.0
box,3000,2000,8,2000,256,7.81,16,0.9995,0.9961
box,3000,2000,16,2000,1973,1.01,2,0.027,0.01368
box,3000,2000,32,2000,2000,1.0,1,0.0,0.0
box,3000,2000,64,2000,2000,1.0,1,0.0,0.0
box,3000,2000,3000,2000,2000,1.0,1,0.0,0.0
