alphabet,dim,size,order,k,max_depth,n_atoms,n_leaves,mean_leaf_size,max_leaf_size,atom_collision_rate,mean_depth,max_depth_reached
birkhoff_n25,625,50,first_k,4,1,50,4,12.5,43,1.0,1.0,1
birkhoff_n25,625,50,first_k,4,2,50,8,6.25,36,0.96,2.0,2
birkhoff_n25,625,50,first_k,4,4,50,16,3.125,18,0.9,3.9,4
birkhoff_n25,625,50,random,4,1,50,3,16.667,43,0.98,1.0,1
birkhoff_n25,625,50,random,4,2,50,8,6.25,34,0.92,1.98,2
birkhoff_n25,625,50,random,4,4,50,19,2.632,21,0.76,3.72,4
birkhoff_n25,625,50,selectivity,4,1,50,9,5.556,29,0.94,1.0,1
birkhoff_n25,625,50,selectivity,4,2,50,22,2.273,18,0.7,1.94,2
birkhoff_n25,625,50,selectivity,4,4,50,41,1.22,6,0.26,3.1,4
birkhoff_n25,625,50,strided,4,1,50,4,12.5,39,1.0,1.0,1
birkhoff_n25,625,50,strided,4,2,50,11,4.545,30,0.92,2.0,2
birkhoff_n25,625,50,strided,4,4,50,20,2.5,21,0.78,3.8,4
birkhoff_n25,625,50,first_k,8,1,50,8,6.25,36,0.96,1.0,1
birkhoff_n25,625,50,first_k,8,2,50,16,3.125,18,0.9,1.96,2
birkhoff_n25,625,50,first_k,8,4,50,35,1.429,4,0.5,3.7,4
birkhoff_n25,625,50,random,8,1,50,8,6.25,34,0.92,1.0,1
birkhoff_n25,625,50,random,8,2,50,19,2.632,21,0.76,1.92,2
birkhoff_n25,625,50,random,8,4,50,33,1.515,13,0.44,3.26,4
birkhoff_n25,625,50,selectivity,8,1,50,22,2.273,18,0.7,1.0,1
birkhoff_n25,625,50,selectivity,8,2,50,41,1.22,6,0.26,1.7,2
birkhoff_n25,625,50,selectivity,8,4,50,50,1.0,1,0.0,2.0,4
birkhoff_n25,625,50,strided,8,1,50,9,5.556,38,0.9,1.0,1
birkhoff_n25,625,50,strided,8,2,50,19,2.632,23,0.76,1.9,2
birkhoff_n25,625,50,strided,8,4,50,36,1.389,11,0.36,3.2,4
birkhoff_n25,625,50,first_k,16,1,50,16,3.125,18,0.9,1.0,1
birkhoff_n25,625,50,first_k,16,2,50,35,1.429,4,0.5,1.9,2
birkhoff_n25,625,50,first_k,16,4,50,50,1.0,1,0.0,2.4,3
birkhoff_n25,625,50,random,16,1,50,19,2.632,21,0.76,1.0,1
birkhoff_n25,625,50,random,16,2,50,33,1.515,13,0.44,1.76,2
birkhoff_n25,625,50,random,16,4,50,49,1.02,2,0.04,2.42,4
birkhoff_n25,625,50,selectivity,16,1,50,41,1.22,6,0.26,1.0,1
birkhoff_n25,625,50,selectivity,16,2,50,50,1.0,1,0.0,1.26,2
birkhoff_n25,625,50,selectivity,16,4,50,50,1.0,1,0.0,1.26,2
birkhoff_n25,625,50,strided,16,1,50,20,2.5,22,0.74,1.0,1
birkhoff_n25,625,50,strided,16,2,50,39,1.282,9,0.3,1.74,2
birkhoff_n25,625,50,strided,16,4,50,48,1.042,3,0.06,2.2,4
birkhoff_n25,625,100,first_k,4,1,100,5,20.0,86,1.0,1.0,1
birkhoff_n25,625,100,first_k,4,2,100,9,11.111,74,0.99,2.0,2
birkhoff_n25,625,100,first_k,4,4,100,17,5.882,42,0.99,3.98,4
birkhoff_n25,625,100,random,4,1,100,6,16.667,82,0.98,1.0,1
birkhoff_n25,625,100,random,4,2,100,12,8.333,70,0.95,1.98,2
birkhoff_n25,625,100,random,4,4,100,24,4.167,47,0.91,3.86,4
birkhoff_n25,625,100,selectivity,4,1,100,9,11.111,64,0.98,1.0,1
birkhoff_n25,625,100,selectivity,4,2,100,22,4.545,41,0.91,1.98,2
birkhoff_n25,625,100,selectivity,4,4,100,56,1.786,19,0.61,3.62,4
birkhoff_n25,625,100,strided,4,1,100,5,20.0,83,1.0,1.0,1
birkhoff_n25,625,100,strided,4,2,100,13,7.692,72,0.96,2.0,2
birkhoff_n25,625,100,strided,4,4,100,27,3.704,50,0.89,3.89,4
birkhoff_n25,625,100,first_k,8,1,100,9,11.111,74,0.99,1.0,1
birkhoff_n25,625,100,first_k,8,2,100,17,5.882,42,0.99,1.99,2
birkhoff_n25,625,100,first_k,8,4,100,56,1.786,6,0.63,3.96,4
birkhoff_n25,625,100,random,8,1,100,12,8.333,70,0.95,1.0,1
birkhoff_n25,625,100,random,8,2,100,24,4.167,47,0.91,1.95,2
birkhoff_n25,625,100,random,8,4,100,55,1.818,30,0.57,3.6,4
birkhoff_n25,625,100,selectivity,8,1,100,22,4.545,41,0.91,1.0,1
birkhoff_n25,625,100,selectivity,8,2,100,56,1.786,19,0.61,1.91,2
birkhoff_n25,625,100,selectivity,8,4,100,93,1.075,6,0.09,2.85,4
birkhoff_n25,625,100,strided,8,1,100,12,8.333,70,0.95,1.0,1
birkhoff_n25,625,100,strided,8,2,100,28,3.571,47,0.84,1.95,2
birkhoff_n25,625,100,strided,8,4,100,62,1.613,24,0.49,3.46,4
birkhoff_n25,625,100,first_k,16,1,100,17,5.882,42,0.99,1.0,1
birkhoff_n25,625,100,first_k,16,2,100,56,1.786,6,0.63,1.99,2
birkhoff_n25,625,100,first_k,16,4,100,99,1.01,2,0.02,2.71,4
birkhoff_n25,625,100,random,16,1,100,24,4.167,47,0.91,1.0,1
birkhoff_n25,625,100,random,16,2,100,55,1.818,30,0.57,1.91,2
birkhoff_n25,625,100,random,16,4,100,90,1.111,9,0.13,2.81,4
birkhoff_n25,625,100,selectivity,16,1,100,56,1.786,19,0.61,1.0,1
birkhoff_n25,625,100,selectivity,16,2,100,93,1.075,6,0.09,1.61,2
birkhoff_n25,625,100,selectivity,16,4,100,100,1.0,1,0.0,1.7,3
birkhoff_n25,625,100,strided,16,1,100,30,3.333,46,0.82,1.0,1
birkhoff_n25,625,100,strided,16,2,100,63,1.587,20,0.52,1.82,2
birkhoff_n25,625,100,strided,16,4,100,93,1.075,7,0.09,2.59,4
birkhoff_n25,625,158,first_k,4,1,158,5,31.6,137,1.0,1.0,1
birkhoff_n25,625,158,first_k,4,2,158,9,17.556,115,1.0,2.0,2
birkhoff_n25,625,158,first_k,4,4,158,17,9.294,59,1.0,4.0,4
birkhoff_n25,625,158,random,4,1,158,6,26.333,131,0.9937,1.0,1
birkhoff_n25,625,158,random,4,2,158,14,11.286,115,0.9684,1.994,2
birkhoff_n25,625,158,random,4,4,158,31,5.097,75,0.9177,3.918,4
birkhoff_n25,625,158,selectivity,4,1,158,12,13.167,111,0.9684,1.0,1
birkhoff_n25,625,158,selectivity,4,2,158,30,5.267,80,0.8987,1.968,2
birkhoff_n25,625,158,selectivity,4,4,158,69,2.29,43,0.7215,3.709,4
birkhoff_n25,625,158,strided,4,1,158,5,31.6,133,1.0,1.0,1
birkhoff_n25,625,158,strided,4,2,158,13,12.154,114,0.9747,2.0,2
birkhoff_n25,625,158,strided,4,4,158,32,4.938,77,0.9051,3.911,4
birkhoff_n25,625,158,first_k,8,1,158,9,17.556,115,1.0,1.0,1
birkhoff_n25,625,158,first_k,8,2,158,17,9.294,59,1.0,2.0,2
birkhoff_n25,625,158,first_k,8,4,158,70,2.257,7,0.7468,4.0,4
birkhoff_n25,625,158,random,8,1,158,14,11.286,115,0.9684,1.0,1
birkhoff_n25,625,158,random,8,2,158,31,5.097,75,0.9177,1.968,2
birkhoff_n25,625,158,random,8,4,158,82,1.927,42,0.6203,3.703,4
birkhoff_n25,625,158,selectivity,8,1,158,30,5.267,80,0.8987,1.0,1
birkhoff_n25,625,158,selectivity,8,2,158,69,2.29,43,0.7215,1.899,2
birkhoff_n25,625,158,selectivity,8,4,158,128,1.234,16,0.2658,3.089,4
birkhoff_n25,625,158,strided,8,1,158,17,9.294,107,0.9494,1.0,1
birkhoff_n25,625,158,strided,8,2,158,41,3.854,72,0.8481,1.949,2
birkhoff_n25,625,158,strided,8,4,158,96,1.646,34,0.5063,3.456,4
birkhoff_n25,625,158,first_k,16,1,158,17,9.294,59,1.0,1.0,1
birkhoff_n25,625,158,first_k,16,2,158,70,2.257,7,0.7468,2.0,2
birkhoff_n25,625,158,first_k,16,4,158,155,1.019,2,0.03797,2.987,4
birkhoff_n25,625,158,random,16,1,158,31,5.097,75,0.9177,1.0,1
birkhoff_n25,625,158,random,16,2,158,82,1.927,42,0.6203,1.918,2
birkhoff_n25,625,158,random,16,4,158,140,1.129,12,0.1646,2.873,4
birkhoff_n25,625,158,selectivity,16,1,158,69,2.29,43,0.7215,1.0,1
birkhoff_n25,625,158,selectivity,16,2,158,128,1.234,16,0.2658,1.722,2
birkhoff_n25,625,158,selectivity,16,4,158,158,1.0,1,0.0,2.063,4
birkhoff_n25,625,158,strided,16,1,158,40,3.95,79,0.8544,1.0,1
birkhoff_n25,625,158,strided,16,2,158,88,1.795,38,0.5823,1.854,2
birkhoff_n25,625,158,strided,16,4,158,145,1.09,10,0.1139,2.772,4
birkhoff_n25,625,200,first_k,4,1,200,5,40.0,173,1.0,1.0,1
birkhoff_n25,625,200,first_k,4,2,200,9,22.222,141,1.0,2.0,2
birkhoff_n25,625,200,first_k,4,4,200,17,11.765,74,1.0,4.0,4
birkhoff_n25,625,200,random,4,1,200,6,33.333,165,0.995,1.0,1
birkhoff_n25,625,200,random,4,2,200,15,13.333,144,0.97,1.995,2
birkhoff_n25,625,200,random,4,4,200,34,5.882,93,0.92,3.925,4
birkhoff_n25,625,200,selectivity,4,1,200,10,20.0,138,0.98,1.0,1
birkhoff_n25,625,200,selectivity,4,2,200,28,7.143,97,0.925,1.98,2
birkhoff_n25,625,200,selectivity,4,4,200,81,2.469,54,0.71,3.72,4
birkhoff_n25,625,200,strided,4,1,200,6,33.333,164,0.995,1.0,1
birkhoff_n25,625,200,strided,4,2,200,17,11.765,141,0.96,1.995,2
birkhoff_n25,625,200,strided,4,4,200,37,5.405,100,0.9,3.89,4
birkhoff_n25,625,200,first_k,8,1,200,9,22.222,141,1.0,1.0,1
birkhoff_n25,625,200,first_k,8,2,200,17,11.765,74,1.0,2.0,2
birkhoff_n25,625,200,first_k,8,4,200,77,2.597,11,0.78,4.0,4
birkhoff_n25,625,200,random,8,1,200,15,13.333,144,0.97,1.0,1
birkhoff_n25,625,200,random,8,2,200,34,5.882,93,0.92,1.97,2
birkhoff_n25,625,200,random,8,4,200,100,2.0,49,0.645,3.7,4
birkhoff_n25,625,200,selectivity,8,1,200,28,7.143,97,0.925,1.0,1
birkhoff_n25,625,200,selectivity,8,2,200,81,2.469,54,0.71,1.925,2
birkhoff_n25,625,200,selectivity,8,4,200,168,1.19,20,0.225,3.115,4
birkhoff_n25,625,200,strided,8,1,200,19,10.526,139,0.95,1.0,1
birkhoff_n25,625,200,strided,8,2,200,45,4.444,96,0.865,1.95,2
birkhoff_n25,625,200,strided,8,4,200,104,1.923,51,0.6,3.53,4
birkhoff_n25,625,200,first_k,16,1,200,17,11.765,74,1.0,1.0,1
birkhoff_n25,625,200,first_k,16,2,200,77,2.597,11,0.78,2.0,2
birkhoff_n25,625,200,first_k,16,4,200,192,1.042,2,0.08,3.09,4
birkhoff_n25,625,200,random,16,1,200,34,5.882,93,0.92,1.0,1
birkhoff_n25,625,200,random,16,2,200,100,2.0,49,0.645,1.92,2
birkhoff_n25,625,200,random,16,4,200,176,1.136,12,0.185,2.95,4
birkhoff_n25,625,200,selectivity,16,1,200,81,2.469,54,0.71,1.0,1
birkhoff_n25,625,200,selectivity,16,2,200,168,1.19,20,0.225,1.71,2
birkhoff_n25,625,200,selectivity,16,4,200,199,1.005,2,0.01,2.005,4
birkhoff_n25,625,200,strided,16,1,200,45,4.444,102,0.87,1.0,1
birkhoff_n25,625,200,strided,16,2,200,104,1.923,52,0.605,1.87,2
birkhoff_n25,625,200,strided,16,4,200,177,1.13,14,0.165,2.845,4
birkhoff_n25,625,241,first_k,4,1,241,5,48.2,206,1.0,1.0,1
birkhoff_n25,625,241,first_k,4,2,241,9,26.778,167,1.0,2.0,2
birkhoff_n25,625,241,first_k,4,4,241,17,14.176,91,1.0,4.0,4
birkhoff_n25,625,241,random,4,1,241,6,40.167,200,0.9959,1.0,1
birkhoff_n25,625,241,random,4,2,241,15,16.067,176,0.9751,1.996,2
birkhoff_n25,625,241,random,4,4,241,36,6.694,112,0.9336,3.938,4
birkhoff_n25,625,241,selectivity,4,1,241,10,24.1,169,0.9876,1.0,1
birkhoff_n25,625,241,selectivity,4,2,241,32,7.531,124,0.9295,1.988,2
birkhoff_n25,625,241,selectivity,4,4,241,86,2.802,71,0.7303,3.726,4
birkhoff_n25,625,241,strided,4,1,241,6,40.167,202,0.9959,1.0,1
birkhoff_n25,625,241,strided,4,2,241,18,13.389,175,0.9668,1.996,2
birkhoff_n25,625,241,strided,4,4,241,41,5.878,120,0.9046,3.9,4
birkhoff_n25,625,241,first_k,8,1,241,9,26.778,167,1.0,1.0,1
birkhoff_n25,625,241,first_k,8,2,241,17,14.176,91,1.0,2.0,2
birkhoff_n25,625,241,first_k,8,4,241,84,2.869,11,0.805,4.0,4
birkhoff_n25,625,241,random,8,1,241,15,16.067,176,0.9751,1.0,1
birkhoff_n25,625,241,random,8,2,241,36,6.694,112,0.9336,1.975,2
birkhoff_n25,625,241,random,8,4,241,113,2.133,62,0.6639,3.743,4
birkhoff_n25,625,241,selectivity,8,1,241,32,7.531,124,0.9295,1.0,1
birkhoff_n25,625,241,selectivity,8,2,241,86,2.802,71,0.7303,1.929,2
birkhoff_n25,625,241,selectivity,8,4,241,189,1.275,23,0.2863,3.187,4
birkhoff_n25,625,241,strided,8,1,241,19,12.684,174,0.9585,1.0,1
birkhoff_n25,625,241,strided,8,2,241,47,5.128,120,0.8838,1.959,2
birkhoff_n25,625,241,strided,8,4,241,118,2.042,63,0.6307,3.593,4
birkhoff_n25,625,241,first_k,16,1,241,17,14.176,91,1.0,1.0,1
birkhoff_n25,625,241,first_k,16,2,241,84,2.869,11,0.805,2.0,2
birkhoff_n25,625,241,first_k,16,4,241,229,1.052,2,0.09959,3.17,4
birkhoff_n25,625,241,random,16,1,241,36,6.694,112,0.9336,1.0,1
birkhoff_n25,625,241,random,16,2,241,113,2.133,62,0.6639,1.934,2
birkhoff_n25,625,241,random,16,4,241,210,1.148,14,0.1992,3.012,4
birkhoff_n25,625,241,selectivity,16,1,241,86,2.802,71,0.7303,1.0,1
birkhoff_n25,625,241,selectivity,16,2,241,189,1.275,23,0.2863,1.73,2
birkhoff_n25,625,241,selectivity,16,4,241,237,1.017,4,0.0249,2.095,4
birkhoff_n25,625,241,strided,16,1,241,47,5.128,124,0.8921,1.0,1
birkhoff_n25,625,241,strided,16,2,241,117,2.06,62,0.6307,1.892,2
birkhoff_n25,625,241,strided,16,4,241,212,1.137,18,0.166,2.905,4
birkhoff_n25,625,300,first_k,4,1,300,5,60.0,258,1.0,1.0,1
birkhoff_n25,625,300,first_k,4,2,300,9,33.333,208,1.0,2.0,2
birkhoff_n25,625,300,first_k,4,4,300,17,17.647,121,1.0,4.0,4
birkhoff_n25,625,300,random,4,1,300,6,50.0,250,0.9967,1.0,1
birkhoff_n25,625,300,random,4,2,300,18,16.667,217,0.9733,1.997,2
birkhoff_n25,625,300,random,4,4,300,42,7.143,143,0.93,3.927,4
birkhoff_n25,625,300,selectivity,4,1,300,10,30.0,219,0.9967,1.0,1
birkhoff_n25,625,300,selectivity,4,2,300,32,9.375,159,0.96,1.997,2
birkhoff_n25,625,300,selectivity,4,4,300,105,2.857,100,0.73,3.807,4
birkhoff_n25,625,300,strided,4,1,300,7,42.857,254,0.9933,1.0,1
birkhoff_n25,625,300,strided,4,2,300,19,15.789,223,0.97,1.993,2
birkhoff_n25,625,300,strided,4,4,300,46,6.522,151,0.91,3.907,4
birkhoff_n25,625,300,first_k,8,1,300,9,33.333,208,1.0,1.0,1
birkhoff_n25,625,300,first_k,8,2,300,17,17.647,121,1.0,2.0,2
birkhoff_n25,625,300,first_k,8,4,300,92,3.261,14,0.8333,4.0,4
birkhoff_n25,625,300,random,8,1,300,18,16.667,217,0.9733,1.0,1
birkhoff_n25,625,300,random,8,2,300,42,7.143,143,0.93,1.973,2
birkhoff_n25,625,300,random,8,4,300,128,2.344,81,0.6933,3.75,4
birkhoff_n25,625,300,selectivity,8,1,300,32,9.375,159,0.96,1.0,1
birkhoff_n25,625,300,selectivity,8,2,300,105,2.857,100,0.73,1.96,2
birkhoff_n25,625,300,selectivity,8,4,300,209,1.435,45,0.39,3.26,4
birkhoff_n25,625,300,strided,8,1,300,19,15.789,218,0.9667,1.0,1
birkhoff_n25,625,300,strided,8,2,300,51,5.882,153,0.8967,1.967,2
birkhoff_n25,625,300,strided,8,4,300,142,2.113,81,0.6333,3.627,4
birkhoff_n25,625,300,first_k,16,1,300,17,17.647,121,1.0,1.0,1
birkhoff_n25,625,300,first_k,16,2,300,92,3.261,14,0.8333,2.0,2
birkhoff_n25,625,300,first_k,16,4,300,286,1.049,2,0.09333,3.24,4
birkhoff_n25,625,300,random,16,1,300,42,7.143,143,0.93,1.0,1
birkhoff_n25,625,300,random,16,2,300,128,2.344,81,0.6933,1.93,2
birkhoff_n25,625,300,random,16,4,300,257,1.167,18,0.21,3.067,4
birkhoff_n25,625,300,selectivity,16,1,300,105,2.857,100,0.73,1.0,1
birkhoff_n25,625,300,selectivity,16,2,300,209,1.435,45,0.39,1.73,2
birkhoff_n25,625,300,selectivity,16,4,300,294,1.02,6,0.02667,2.257,4
birkhoff_n25,625,300,strided,16,1,300,51,5.882,154,0.9133,1.0,1
birkhoff_n25,625,300,strided,16,2,300,132,2.273,77,0.6833,1.913,2
birkhoff_n25,625,300,strided,16,4,300,256,1.172,26,0.1967,2.997,4
birkhoff_n25,625,389,first_k,4,1,389,5,77.8,325,1.0,1.0,1
birkhoff_n25,625,389,first_k,4,2,389,9,43.222,271,1.0,2.0,2
birkhoff_n25,625,389,first_k,4,4,389,17,22.882,154,1.0,4.0,4
birkhoff_n25,625,389,random,4,1,389,6,64.833,329,0.9974,1.0,1
birkhoff_n25,625,389,random,4,2,389,19,20.474,283,0.9794,1.997,2
birkhoff_n25,625,389,random,4,4,389,48,8.104,190,0.9332,3.941,4
birkhoff_n25,625,389,selectivity,4,1,389,11,35.364,297,0.9974,1.0,1
birkhoff_n25,625,389,selectivity,4,2,389,37,10.514,224,0.9537,1.997,2
birkhoff_n25,625,389,selectivity,4,4,389,99,3.929,127,0.8483,3.871,4
birkhoff_n25,625,389,strided,4,1,389,8,48.625,324,0.9949,1.0,1
birkhoff_n25,625,389,strided,4,2,389,21,18.524,283,0.982,1.995,2
birkhoff_n25,625,389,strided,4,4,389,56,6.946,193,0.9203,3.933,4
birkhoff_n25,625,389,first_k,8,1,389,9,43.222,271,1.0,1.0,1
birkhoff_n25,625,389,first_k,8,2,389,17,22.882,154,1.0,2.0,2
birkhoff_n25,625,389,first_k,8,4,389,104,3.74,21,0.856,4.0,4
birkhoff_n25,625,389,random,8,1,389,19,20.474,283,0.9794,1.0,1
birkhoff_n25,625,389,random,8,2,389,48,8.104,190,0.9332,1.979,2
birkhoff_n25,625,389,random,8,4,389,159,2.447,109,0.6992,3.751,4
birkhoff_n25,625,389,selectivity,8,1,389,37,10.514,224,0.9537,1.0,1
birkhoff_n25,625,389,selectivity,8,2,389,99,3.929,127,0.8483,1.954,2
birkhoff_n25,625,389,selectivity,8,4,389,257,1.514,39,0.455,3.491,4
birkhoff_n25,625,389,strided,8,1,389,21,18.524,278,0.9743,1.0,1
birkhoff_n25,625,389,strided,8,2,389,62,6.274,195,0.8997,1.974,2
birkhoff_n25,625,389,strided,8,4,389,169,2.302,104,0.6658,3.653,4
birkhoff_n25,625,389,first_k,16,1,389,17,22.882,154,1.0,1.0,1
birkhoff_n25,625,389,first_k,16,2,389,104,3.74,21,0.856,2.0,2
birkhoff_n25,625,389,first_k,16,4,389,363,1.072,2,0.1337,3.35,4
birkhoff_n25,625,389,random,16,1,389,48,8.104,190,0.9332,1.0,1
birkhoff_n25,625,389,random,16,2,389,159,2.447,109,0.6992,1.933,2
birkhoff_n25,625,389,random,16,4,389,329,1.182,21,0.2262,3.09,4
birkhoff_n25,625,389,selectivity,16,1,389,99,3.929,127,0.8483,1.0,1
birkhoff_n25,625,389,selectivity,16,2,389,257,1.514,39,0.455,1.848,2
birkhoff_n25,625,389,selectivity,16,4,389,379,1.026,10,0.03085,2.434,4
birkhoff_n25,625,389,strided,16,1,389,59,6.593,207,0.9152,1.0,1
birkhoff_n25,625,389,strided,16,2,389,161,2.416,102,0.6864,1.915,2
birkhoff_n25,625,389,strided,16,4,389,331,1.175,31,0.2005,3.013,4
birkhoff_n60,3600,50,first_k,4,1,50,5,10.0,44,0.94,1.0,1
birkhoff_n60,3600,50,first_k,4,2,50,6,8.333,43,0.92,1.94,2
birkhoff_n60,3600,50,first_k,4,4,50,11,4.545,36,0.86,3.76,4
birkhoff_n60,3600,50,random,4,1,50,3,16.667,46,0.98,1.0,1
birkhoff_n60,3600,50,random,4,2,50,7,7.143,41,0.92,1.98,2
birkhoff_n60,3600,50,random,4,4,50,12,4.167,35,0.84,3.76,4
birkhoff_n60,3600,50,selectivity,4,1,50,8,6.25,31,0.94,1.0,1
birkhoff_n60,3600,50,selectivity,4,2,50,18,2.778,23,0.8,1.94,2
birkhoff_n60,3600,50,selectivity,4,4,50,30,1.667,16,0.5,3.36,4
birkhoff_n60,3600,50,strided,4,1,50,4,12.5,47,0.94,1.0,1
birkhoff_n60,3600,50,strided,4,2,50,7,7.143,42,0.9,1.94,2
birkhoff_n60,3600,50,strided,4,4,50,11,4.545,36,0.86,3.72,4
birkhoff_n60,3600,50,first_k,8,1,50,6,8.333,43,0.92,1.0,1
birkhoff_n60,3600,50,first_k,8,2,50,11,4.545,36,0.86,1.92,2
birkhoff_n60,3600,50,first_k,8,4,50,20,2.5,21,0.76,3.58,4
birkhoff_n60,3600,50,random,8,1,50,7,7.143,41,0.92,1.0,1
birkhoff_n60,3600,50,random,8,2,50,12,4.167,35,0.84,1.92,2
birkhoff_n60,3600,50,random,8,4,50,20,2.5,24,0.74,3.56,4
birkhoff_n60,3600,50,selectivity,8,1,50,18,2.778,23,0.8,1.0,1
birkhoff_n60,3600,50,selectivity,8,2,50,30,1.667,16,0.5,1.8,2
birkhoff_n60,3600,50,selectivity,8,4,50,45,1.111,4,0.16,2.62,4
birkhoff_n60,3600,50,strided,8,1,50,7,7.143,44,0.88,1.0,1
birkhoff_n60,3600,50,strided,8,2,50,13,3.846,33,0.82,1.88,2
birkhoff_n60,3600,50,strided,8,4,50,21,2.381,24,0.68,3.48,4
birkhoff_n60,3600,50,first_k,16,1,50,11,4.545,36,0.86,1.0,1
birkhoff_n60,3600,50,first_k,16,2,50,20,2.5,21,0.76,1.86,2
birkhoff_n60,3600,50,first_k,16,4,50,34,1.471,3,0.58,3.3,4
birkhoff_n60,3600,50,random,16,1,50,12,4.167,35,0.84,1.0,1
birkhoff_n60,3600,50,random,16,2,50,20,2.5,24,0.74,1.84,2
birkhoff_n60,3600,50,random,16,4,50,33,1.515,16,0.4,3.12,4
birkhoff_n60,3600,50,selectivity,16,1,50,30,1.667,16,0.5,1.0,1
birkhoff_n60,3600,50,selectivity,16,2,50,45,1.111,4,0.16,1.5,2
birkhoff_n60,3600,50,selectivity,16,4,50,50,1.0,1,0.0,1.66,3
birkhoff_n60,3600,50,strided,16,1,50,11,4.545,37,0.84,1.0,1
birkhoff_n60,3600,50,strided,16,2,50,21,2.381,22,0.72,1.84,2
birkhoff_n60,3600,50,strided,16,4,50,34,1.471,11,0.42,3.1,4
birkhoff_n60,3600,100,first_k,4,1,100,5,20.0,93,0.98,1.0,1
birkhoff_n60,3600,100,first_k,4,2,100,8,12.5,88,0.97,1.98,2
birkhoff_n60,3600,100,first_k,4,4,100,15,6.667,75,0.94,3.91,4
birkhoff_n60,3600,100,random,4,1,100,3,33.333,93,0.99,1.0,1
birkhoff_n60,3600,100,random,4,2,100,8,12.5,84,0.96,1.99,2
birkhoff_n60,3600,100,random,4,4,100,16,6.25,73,0.91,3.88,4
birkhoff_n60,3600,100,selectivity,4,1,100,8,12.5,76,0.97,1.0,1
birkhoff_n60,3600,100,selectivity,4,2,100,17,5.882,57,0.92,1.97,2
birkhoff_n60,3600,100,selectivity,4,4,100,37,2.703,28,0.78,3.77,4
birkhoff_n60,3600,100,strided,4,1,100,5,20.0,94,0.98,1.0,1
birkhoff_n60,3600,100,strided,4,2,100,9,11.111,85,0.97,1.98,2
birkhoff_n60,3600,100,strided,4,4,100,13,7.692,76,0.95,3.91,4
birkhoff_n60,3600,100,first_k,8,1,100,8,12.5,88,0.97,1.0,1
birkhoff_n60,3600,100,first_k,8,2,100,15,6.667,75,0.94,1.97,2
birkhoff_n60,3600,100,first_k,8,4,100,28,3.571,47,0.89,3.82,4
birkhoff_n60,3600,100,random,8,1,100,8,12.5,84,0.96,1.0,1
birkhoff_n60,3600,100,random,8,2,100,16,6.25,73,0.91,1.96,2
birkhoff_n60,3600,100,random,8,4,100,31,3.226,52,0.79,3.75,4
birkhoff_n60,3600,100,selectivity,8,1,100,17,5.882,57,0.92,1.0,1
birkhoff_n60,3600,100,selectivity,8,2,100,37,2.703,28,0.78,1.92,2
birkhoff_n60,3600,100,selectivity,8,4,100,79,1.266,11,0.3,3.13,4
birkhoff_n60,3600,100,strided,8,1,100,10,10.0,88,0.93,1.0,1
birkhoff_n60,3600,100,strided,8,2,100,17,5.882,70,0.92,1.93,2
birkhoff_n60,3600,100,strided,8,4,100,30,3.333,55,0.82,3.75,4
birkhoff_n60,3600,100,first_k,16,1,100,15,6.667,75,0.94,1.0,1
birkhoff_n60,3600,100,first_k,16,2,100,28,3.571,47,0.89,1.94,2
birkhoff_n60,3600,100,first_k,16,4,100,51,1.961,6,0.79,3.66,4
birkhoff_n60,3600,100,random,16,1,100,16,6.25,73,0.91,1.0,1
birkhoff_n60,3600,100,random,16,2,100,31,3.226,52,0.79,1.91,2
birkhoff_n60,3600,100,random,16,4,100,58,1.724,33,0.49,3.35,4
birkhoff_n60,3600,100,selectivity,16,1,100,37,2.703,28,0.78,1.0,1
birkhoff_n60,3600,100,selectivity,16,2,100,79,1.266,11,0.3,1.78,2
birkhoff_n60,3600,100,selectivity,16,4,100,98,1.02,3,0.03,2.18,4
birkhoff_n60,3600,100,strided,16,1,100,17,5.882,73,0.91,1.0,1
birkhoff_n60,3600,100,strided,16,2,100,34,2.941,48,0.8,1.91,2
birkhoff_n60,3600,100,strided,16,4,100,57,1.754,30,0.54,3.42,4
birkhoff_n60,3600,158,first_k,4,1,158,5,31.6,147,0.9873,1.0,1
birkhoff_n60,3600,158,first_k,4,2,158,9,17.556,139,0.9747,1.987,2
birkhoff_n60,3600,158,first_k,4,4,158,16,9.875,119,0.9747,3.937,4
birkhoff_n60,3600,158,random,4,1,158,5,31.6,147,0.9873,1.0,1
birkhoff_n60,3600,158,random,4,2,158,10,15.8,136,0.9684,1.987,2
birkhoff_n60,3600,158,random,4,4,158,20,7.9,118,0.943,3.911,4
birkhoff_n60,3600,158,selectivity,4,1,158,7,22.571,124,0.9873,1.0,1
birkhoff_n60,3600,158,selectivity,4,2,158,18,8.778,100,0.9557,1.987,2
birkhoff_n60,3600,158,selectivity,4,4,158,44,3.591,68,0.8544,3.848,4
birkhoff_n60,3600,158,strided,4,1,158,5,31.6,145,0.9937,1.0,1
birkhoff_n60,3600,158,strided,4,2,158,11,14.364,134,0.9747,1.994,2
birkhoff_n60,3600,158,strided,4,4,158,17,9.294,122,0.9494,3.93,4
birkhoff_n60,3600,158,first_k,8,1,158,9,17.556,139,0.9747,1.0,1
birkhoff_n60,3600,158,first_k,8,2,158,16,9.875,119,0.9747,1.975,2
birkhoff_n60,3600,158,first_k,8,4,158,30,5.267,76,0.9684,3.924,4
birkhoff_n60,3600,158,random,8,1,158,10,15.8,136,0.9684,1.0,1
birkhoff_n60,3600,158,random,8,2,158,20,7.9,118,0.943,1.968,2
birkhoff_n60,3600,158,random,8,4,158,42,3.762,88,0.8481,3.81,4
birkhoff_n60,3600,158,selectivity,8,1,158,18,8.778,100,0.9557,1.0,1
birkhoff_n60,3600,158,selectivity,8,2,158,44,3.591,68,0.8544,1.956,2
birkhoff_n60,3600,158,selectivity,8,4,158,96,1.646,35,0.5127,3.475,4
birkhoff_n60,3600,158,strided,8,1,158,11,14.364,134,0.9684,1.0,1
birkhoff_n60,3600,158,strided,8,2,158,20,7.9,113,0.9494,1.968,2
birkhoff_n60,3600,158,strided,8,4,158,38,4.158,94,0.8544,3.835,4
birkhoff_n60,3600,158,first_k,16,1,158,16,9.875,119,0.9747,1.0,1
birkhoff_n60,3600,158,first_k,16,2,158,30,5.267,76,0.9684,1.975,2
birkhoff_n60,3600,158,first_k,16,4,158,64,2.469,9,0.8671,3.892,4
birkhoff_n60,3600,158,random,16,1,158,20,7.9,118,0.943,1.0,1
birkhoff_n60,3600,158,random,16,2,158,42,3.762,88,0.8481,1.943,2
birkhoff_n60,3600,158,random,16,4,158,82,1.927,55,0.5949,3.525,4
birkhoff_n60,3600,158,selectivity,16,1,158,44,3.591,68,0.8544,1.0,1
birkhoff_n60,3600,158,selectivity,16,2,158,96,1.646,35,0.5127,1.854,2
birkhoff_n60,3600,158,selectivity,16,4,158,149,1.06,6,0.08861,2.595,4
birkhoff_n60,3600,158,strided,16,1,158,19,8.316,117,0.9494,1.0,1
birkhoff_n60,3600,158,strided,16,2,158,44,3.591,83,0.8418,1.949,2
birkhoff_n60,3600,158,strided,16,4,158,81,1.951,53,0.6013,3.544,4
birkhoff_n60,3600,200,first_k,4,1,200,5,40.0,186,0.995,1.0,1
birkhoff_n60,3600,200,first_k,4,2,200,9,22.222,176,0.985,1.995,2
birkhoff_n60,3600,200,first_k,4,4,200,16,12.5,148,0.985,3.965,4
birkhoff_n60,3600,200,random,4,1,200,5,40.0,184,1.0,1.0,1
birkhoff_n60,3600,200,random,4,2,200,11,18.182,168,0.99,2.0,2
birkhoff_n60,3600,200,random,4,4,200,24,8.333,148,0.955,3.96,4
birkhoff_n60,3600,200,selectivity,4,1,200,7,28.571,163,0.995,1.0,1
birkhoff_n60,3600,200,selectivity,4,2,200,19,10.526,134,0.96,1.995,2
birkhoff_n60,3600,200,selectivity,4,4,200,52,3.846,96,0.83,3.855,4
birkhoff_n60,3600,200,strided,4,1,200,5,40.0,185,1.0,1.0,1
birkhoff_n60,3600,200,strided,4,2,200,11,18.182,171,0.99,2.0,2
birkhoff_n60,3600,200,strided,4,4,200,18,11.111,156,0.97,3.965,4
birkhoff_n60,3600,200,first_k,8,1,200,9,22.222,176,0.985,1.0,1
birkhoff_n60,3600,200,first_k,8,2,200,16,12.5,148,0.985,1.985,2
birkhoff_n60,3600,200,first_k,8,4,200,31,6.452,93,0.98,3.955,4
birkhoff_n60,3600,200,random,8,1,200,11,18.182,168,0.99,1.0,1
birkhoff_n60,3600,200,random,8,2,200,24,8.333,148,0.955,1.99,2
birkhoff_n60,3600,200,random,8,4,200,52,3.846,107,0.85,3.865,4
birkhoff_n60,3600,200,selectivity,8,1,200,19,10.526,134,0.96,1.0,1
birkhoff_n60,3600,200,selectivity,8,2,200,52,3.846,96,0.83,1.96,2
birkhoff_n60,3600,200,selectivity,8,4,200,113,1.77,53,0.545,3.455,4
birkhoff_n60,3600,200,strided,8,1,200,11,18.182,169,0.985,1.0,1
birkhoff_n60,3600,200,strided,8,2,200,21,9.524,143,0.97,1.985,2
birkhoff_n60,3600,200,strided,8,4,200,43,4.651,119,0.885,3.885,4
birkhoff_n60,3600,200,first_k,16,1,200,16,12.5,148,0.985,1.0,1
birkhoff_n60,3600,200,first_k,16,2,200,31,6.452,93,0.98,1.985,2
birkhoff_n60,3600,200,first_k,16,4,200,69,2.899,10,0.895,3.935,4
birkhoff_n60,3600,200,random,16,1,200,24,8.333,148,0.955,1.0,1
birkhoff_n60,3600,200,random,16,2,200,52,3.846,107,0.85,1.955,2
birkhoff_n60,3600,200,random,16,4,200,105,1.905,64,0.595,3.525,4
birkhoff_n60,3600,200,selectivity,16,1,200,52,3.846,96,0.83,1.0,1
birkhoff_n60,3600,200,selectivity,16,2,200,113,1.77,53,0.545,1.83,2
birkhoff_n60,3600,200,selectivity,16,4,200,173,1.156,18,0.18,2.665,4
birkhoff_n60,3600,200,strided,16,1,200,22,9.091,149,0.955,1.0,1
birkhoff_n60,3600,200,strided,16,2,200,49,4.082,106,0.875,1.955,2
birkhoff_n60,3600,200,strided,16,4,200,96,2.083,64,0.65,3.61,4
birkhoff_n60,3600,241,first_k,4,1,241,5,48.2,220,1.0,1.0,1
birkhoff_n60,3600,241,first_k,4,2,241,9,26.778,208,0.9959,2.0,2
birkhoff_n60,3600,241,first_k,4,4,241,17,14.176,177,0.9959,3.992,4
birkhoff_n60,3600,241,random,4,1,241,5,48.2,220,1.0,1.0,1
birkhoff_n60,3600,241,random,4,2,241,13,18.538,202,0.9834,2.0,2
birkhoff_n60,3600,241,random,4,4,241,29,8.31,179,0.9419,3.942,4
birkhoff_n60,3600,241,selectivity,4,1,241,7,34.429,198,0.9917,1.0,1
birkhoff_n60,3600,241,selectivity,4,2,241,20,12.05,167,0.9627,1.992,2
birkhoff_n60,3600,241,selectivity,4,4,241,49,4.918,120,0.8838,3.876,4
birkhoff_n60,3600,241,strided,4,1,241,5,48.2,219,1.0,1.0,1
birkhoff_n60,3600,241,strided,4,2,241,12,20.083,200,0.9876,2.0,2
birkhoff_n60,3600,241,strided,4,4,241,21,11.476,179,0.971,3.967,4
birkhoff_n60,3600,241,first_k,8,1,241,9,26.778,208,0.9959,1.0,1
birkhoff_n60,3600,241,first_k,8,2,241,17,14.176,177,0.9959,1.996,2
birkhoff_n60,3600,241,first_k,8,4,241,32,7.531,113,0.9917,3.988,4
birkhoff_n60,3600,241,random,8,1,241,13,18.538,202,0.9834,1.0,1
birkhoff_n60,3600,241,random,8,2,241,29,8.31,179,0.9419,1.983,2
birkhoff_n60,3600,241,random,8,4,241,57,4.228,128,0.8631,3.838,4
birkhoff_n60,3600,241,selectivity,8,1,241,20,12.05,167,0.9627,1.0,1
birkhoff_n60,3600,241,selectivity,8,2,241,49,4.918,120,0.8838,1.963,2
birkhoff_n60,3600,241,selectivity,8,4,241,110,2.191,61,0.668,3.635,4
birkhoff_n60,3600,241,strided,8,1,241,11,21.909,200,0.9876,1.0,1
birkhoff_n60,3600,241,strided,8,2,241,25,9.64,169,0.9627,1.988,2
birkhoff_n60,3600,241,strided,8,4,241,51,4.725,137,0.888,3.884,4
birkhoff_n60,3600,241,first_k,16,1,241,17,14.176,177,0.9959,1.0,1
birkhoff_n60,3600,241,first_k,16,2,241,32,7.531,113,0.9917,1.996,2
birkhoff_n60,3600,241,first_k,16,4,241,72,3.347,10,0.9295,3.979,4
birkhoff_n60,3600,241,random,16,1,241,29,8.31,179,0.9419,1.0,1
birkhoff_n60,3600,241,random,16,2,241,57,4.228,128,0.8631,1.942,2
birkhoff_n60,3600,241,random,16,4,241,124,1.944,76,0.6017,3.552,4
birkhoff_n60,3600,241,selectivity,16,1,241,49,4.918,120,0.8838,1.0,1
birkhoff_n60,3600,241,selectivity,16,2,241,110,2.191,61,0.668,1.884,2
birkhoff_n60,3600,241,selectivity,16,4,241,203,1.187,20,0.2282,2.929,4
birkhoff_n60,3600,241,strided,16,1,241,24,10.042,175,0.9585,1.0,1
birkhoff_n60,3600,241,strided,16,2,241,58,4.155,123,0.8672,1.959,2
birkhoff_n60,3600,241,strided,16,4,241,114,2.114,72,0.6556,3.622,4
birkhoff_n60,3600,300,first_k,4,1,300,5,60.0,277,1.0,1.0,1
birkhoff_n60,3600,300,first_k,4,2,300,9,33.333,259,1.0,2.0,2
birkhoff_n60,3600,300,first_k,4,4,300,17,17.647,221,1.0,4.0,4
birkhoff_n60,3600,300,random,4,1,300,5,60.0,276,1.0,1.0,1
birkhoff_n60,3600,300,random,4,2,300,13,23.077,251,0.99,2.0,2
birkhoff_n60,3600,300,random,4,4,300,30,10.0,222,0.9567,3.957,4
birkhoff_n60,3600,300,selectivity,4,1,300,8,37.5,251,0.9933,1.0,1
birkhoff_n60,3600,300,selectivity,4,2,300,18,16.667,205,0.9733,1.993,2
birkhoff_n60,3600,300,selectivity,4,4,300,52,5.769,147,0.8967,3.9,4
birkhoff_n60,3600,300,strided,4,1,300,5,60.0,277,1.0,1.0,1
birkhoff_n60,3600,300,strided,4,2,300,12,25.0,255,0.99,2.0,2
birkhoff_n60,3600,300,strided,4,4,300,21,14.286,225,0.9833,3.98,4
birkhoff_n60,3600,300,first_k,8,1,300,9,33.333,259,1.0,1.0,1
birkhoff_n60,3600,300,first_k,8,2,300,17,17.647,221,1.0,2.0,2
birkhoff_n60,3600,300,first_k,8,4,300,33,9.091,139,0.9967,4.0,4
birkhoff_n60,3600,300,random,8,1,300,13,23.077,251,0.99,1.0,1
birkhoff_n60,3600,300,random,8,2,300,30,10.0,222,0.9567,1.99,2
birkhoff_n60,3600,300,random,8,4,300,71,4.225,157,0.86,3.87,4
birkhoff_n60,3600,300,selectivity,8,1,300,18,16.667,205,0.9733,1.0,1
birkhoff_n60,3600,300,selectivity,8,2,300,52,5.769,147,0.8967,1.973,2
birkhoff_n60,3600,300,selectivity,8,4,300,134,2.239,84,0.66,3.637,4
birkhoff_n60,3600,300,strided,8,1,300,11,27.273,252,0.99,1.0,1
birkhoff_n60,3600,300,strided,8,2,300,26,11.538,213,0.9667,1.99,2
birkhoff_n60,3600,300,strided,8,4,300,57,5.263,170,0.9,3.897,4
birkhoff_n60,3600,300,first_k,16,1,300,17,17.647,221,1.0,1.0,1
birkhoff_n60,3600,300,first_k,16,2,300,33,9.091,139,0.9967,2.0,2
birkhoff_n60,3600,300,first_k,16,4,300,75,4.0,10,0.9433,3.993,4
birkhoff_n60,3600,300,random,16,1,300,30,10.0,222,0.9567,1.0,1
birkhoff_n60,3600,300,random,16,2,300,71,4.225,157,0.86,1.957,2
birkhoff_n60,3600,300,random,16,4,300,154,1.948,90,0.6033,3.543,4
birkhoff_n60,3600,300,selectivity,16,1,300,52,5.769,147,0.8967,1.0,1
birkhoff_n60,3600,300,selectivity,16,2,300,134,2.239,84,0.66,1.897,2
birkhoff_n60,3600,300,selectivity,16,4,300,249,1.205,27,0.24,3.013,4
birkhoff_n60,3600,300,strided,16,1,300,24,12.5,225,0.97,1.0,1
birkhoff_n60,3600,300,strided,16,2,300,61,4.918,163,0.8867,1.97,2
birkhoff_n60,3600,300,strided,16,4,300,129,2.326,97,0.6867,3.677,4
birkhoff_n60,3600,389,first_k,4,1,389,5,77.8,359,1.0,1.0,1
birkhoff_n60,3600,389,first_k,4,2,389,9,43.222,335,1.0,2.0,2
birkhoff_n60,3600,389,first_k,4,4,389,17,22.882,280,1.0,4.0,4
birkhoff_n60,3600,389,random,4,1,389,5,77.8,360,1.0,1.0,1
birkhoff_n60,3600,389,random,4,2,389,13,29.923,329,0.9923,2.0,2
birkhoff_n60,3600,389,random,4,4,389,32,12.156,290,0.964,3.967,4
birkhoff_n60,3600,389,selectivity,4,1,389,8,48.625,328,0.9949,1.0,1
birkhoff_n60,3600,389,selectivity,4,2,389,21,18.524,281,0.982,1.995,2
birkhoff_n60,3600,389,selectivity,4,4,389,57,6.825,210,0.9152,3.931,4
birkhoff_n60,3600,389,strided,4,1,389,5,77.8,358,1.0,1.0,1
birkhoff_n60,3600,389,strided,4,2,389,12,32.417,334,0.9923,2.0,2
birkhoff_n60,3600,389,strided,4,4,389,25,15.56,291,0.9794,3.979,4
birkhoff_n60,3600,389,first_k,8,1,389,9,43.222,335,1.0,1.0,1
birkhoff_n60,3600,389,first_k,8,2,389,17,22.882,280,1.0,2.0,2
birkhoff_n60,3600,389,first_k,8,4,389,33,11.788,180,1.0,4.0,4
birkhoff_n60,3600,389,random,8,1,389,13,29.923,329,0.9923,1.0,1
birkhoff_n60,3600,389,random,8,2,389,32,12.156,290,0.964,1.992,2
birkhoff_n60,3600,389,random,8,4,389,76,5.118,210,0.8817,3.889,4
birkhoff_n60,3600,389,selectivity,8,1,389,21,18.524,281,0.982,1.0,1
birkhoff_n60,3600,389,selectivity,8,2,389,57,6.825,210,0.9152,1.982,2
birkhoff_n60,3600,389,selectivity,8,4,389,150,2.593,114,0.7172,3.702,4
birkhoff_n60,3600,389,strided,8,1,389,13,29.923,329,0.9871,1.0,1
birkhoff_n60,3600,389,strided,8,2,389,28,13.893,281,0.9692,1.987,2
birkhoff_n60,3600,389,strided,8,4,389,68,5.721,217,0.9023,3.892,4
birkhoff_n60,3600,389,first_k,16,1,389,17,22.882,280,1.0,1.0,1
birkhoff_n60,3600,389,first_k,16,2,389,33,11.788,180,1.0,2.0,2
birkhoff_n60,3600,389,first_k,16,4,389,78,4.987,12,0.9537,4.0,4
birkhoff_n60,3600,389,random,16,1,389,32,12.156,290,0.964,1.0,1
birkhoff_n60,3600,389,random,16,2,389,76,5.118,210,0.8817,1.964,2
birkhoff_n60,3600,389,random,16,4,389,182,2.137,120,0.6452,3.622,4
birkhoff_n60,3600,389,selectivity,16,1,389,57,6.825,210,0.9152,1.0,1
birkhoff_n60,3600,389,selectivity,16,2,389,150,2.593,114,0.7172,1.915,2
birkhoff_n60,3600,389,selectivity,16,4,389,309,1.259,37,0.2879,3.149,4
birkhoff_n60,3600,389,strided,16,1,389,27,14.407,286,0.9717,1.0,1
birkhoff_n60,3600,389,strided,16,2,389,72,5.403,208,0.8946,1.972,2
birkhoff_n60,3600,389,strided,16,4,389,165,2.358,119,0.6915,3.676,4
linf_box_d3000,3000,50,first_k,4,1,50,16,3.125,6,0.98,1.0,1
linf_box_d3000,3000,50,first_k,4,2,50,47,1.064,2,0.12,1.98,2
linf_box_d3000,3000,50,first_k,4,4,50,50,1.0,1,0.0,2.1,3
linf_box_d3000,3000,50,random,4,1,50,15,3.333,7,1.0,1.0,1
linf_box_d3000,3000,50,random,4,2,50,46,1.087,2,0.16,2.0,2
linf_box_d3000,3000,50,random,4,4,50,50,1.0,1,0.0,2.16,3
linf_box_d3000,3000,50,selectivity,4,1,50,15,3.333,6,0.98,1.0,1
linf_box_d3000,3000,50,selectivity,4,2,50,49,1.02,2,0.04,1.98,2
linf_box_d3000,3000,50,selectivity,4,4,50,50,1.0,1,0.0,2.02,3
linf_box_d3000,3000,50,strided,4,1,50,16,3.125,7,0.98,1.0,1
linf_box_d3000,3000,50,strided,4,2,50,44,1.136,3,0.22,1.98,2
linf_box_d3000,3000,50,strided,4,4,50,50,1.0,1,0.0,2.2,3
linf_box_d3000,3000,50,first_k,8,1,50,47,1.064,2,0.12,1.0,1
linf_box_d3000,3000,50,first_k,8,2,50,50,1.0,1,0.0,1.12,2
linf_box_d3000,3000,50,first_k,8,4,50,50,1.0,1,0.0,1.12,2
linf_box_d3000,3000,50,random,8,1,50,46,1.087,2,0.16,1.0,1
linf_box_d3000,3000,50,random,8,2,50,50,1.0,1,0.0,1.16,2
linf_box_d3000,3000,50,random,8,4,50,50,1.0,1,0.0,1.16,2
linf_box_d3000,3000,50,selectivity,8,1,50,49,1.02,2,0.04,1.0,1
linf_box_d3000,3000,50,selectivity,8,2,50,50,1.0,1,0.0,1.04,2
linf_box_d3000,3000,50,selectivity,8,4,50,50,1.0,1,0.0,1.04,2
linf_box_d3000,3000,50,strided,8,1,50,47,1.064,2,0.12,1.0,1
linf_box_d3000,3000,50,strided,8,2,50,50,1.0,1,0.0,1.12,2
linf_box_d3000,3000,50,strided,8,4,50,50,1.0,1,0.0,1.12,2
linf_box_d3000,3000,50,first_k,16,1,50,50,1.0,1,0.0,1.0,1
linf_box_d3000,3000,50,first_k,16,2,50,50,1.0,1,0.0,1.0,1
linf_box_d3000,3000,50,first_k,16,4,50,50,1.0,1,0.0,1.0,1
linf_box_d3000,3000,50,random,16,1,50,50,1.0,1,0.0,1.0,1
linf_box_d3000,3000,50,random,16,2,50,50,1.0,1,0.0,1.0,1
linf_box_d3000,3000,50,random,16,4,50,50,1.0,1,0.0,1.0,1
linf_box_d3000,3000,50,selectivity,16,1,50,50,1.0,1,0.0,1.0,1
linf_box_d3000,3000,50,selectivity,16,2,50,50,1.0,1,0.0,1.0,1
linf_box_d3000,3000,50,selectivity,16,4,50,50,1.0,1,0.0,1.0,1
linf_box_d3000,3000,50,strided,16,1,50,50,1.0,1,0.0,1.0,1
linf_box_d3000,3000,50,strided,16,2,50,50,1.0,1,0.0,1.0,1
linf_box_d3000,3000,50,strided,16,4,50,50,1.0,1,0.0,1.0,1
linf_box_d3000,3000,100,first_k,4,1,100,16,6.25,8,1.0,1.0,1
linf_box_d3000,3000,100,first_k,4,2,100,80,1.25,3,0.39,2.0,2
linf_box_d3000,3000,100,first_k,4,4,100,100,1.0,1,0.0,2.39,3
linf_box_d3000,3000,100,random,4,1,100,16,6.25,10,1.0,1.0,1
linf_box_d3000,3000,100,random,4,2,100,80,1.25,3,0.37,2.0,2
linf_box_d3000,3000,100,random,4,4,100,100,1.0,1,0.0,2.41,4
linf_box_d3000,3000,100,selectivity,4,1,100,16,6.25,10,1.0,1.0,1
linf_box_d3000,3000,100,selectivity,4,2,100,80,1.25,4,0.38,2.0,2
linf_box_d3000,3000,100,selectivity,4,4,100,100,1.0,1,0.0,2.4,4
linf_box_d3000,3000,100,strided,4,1,100,16,6.25,11,1.0,1.0,1
linf_box_d3000,3000,100,strided,4,2,100,78,1.282,3,0.42,2.0,2
linf_box_d3000,3000,100,strided,4,4,100,100,1.0,1,0.0,2.44,4
linf_box_d3000,3000,100,first_k,8,1,100,80,1.25,3,0.39,1.0,1
linf_box_d3000,3000,100,first_k,8,2,100,100,1.0,1,0.0,1.39,2
linf_box_d3000,3000,100,first_k,8,4,100,100,1.0,1,0.0,1.39,2
linf_box_d3000,3000,100,random,8,1,100,80,1.25,3,0.37,1.0,1
linf_box_d3000,3000,100,random,8,2,100,100,1.0,1,0.0,1.37,2
linf_box_d3000,3000,100,random,8,4,100,100,1.0,1,0.0,1.37,2
linf_box_d3000,3000,100,selectivity,8,1,100,80,1.25,4,0.38,1.0,1
linf_box_d3000,3000,100,selectivity,8,2,100,100,1.0,1,0.0,1.38,2
linf_box_d3000,3000,100,selectivity,8,4,100,100,1.0,1,0.0,1.38,2
linf_box_d3000,3000,100,strided,8,1,100,85,1.176,3,0.28,1.0,1
linf_box_d3000,3000,100,strided,8,2,100,100,1.0,1,0.0,1.28,2
linf_box_d3000,3000,100,strided,8,4,100,100,1.0,1,0.0,1.28,2
linf_box_d3000,3000,100,first_k,16,1,100,100,1.0,1,0.0,1.0,1
linf_box_d3000,3000,100,first_k,16,2,100,100,1.0,1,0.0,1.0,1
linf_box_d3000,3000,100,first_k,16,4,100,100,1.0,1,0.0,1.0,1
linf_box_d3000,3000,100,random,16,1,100,100,1.0,1,0.0,1.0,1
linf_box_d3000,3000,100,random,16,2,100,100,1.0,1,0.0,1.0,1
linf_box_d3000,3000,100,random,16,4,100,100,1.0,1,0.0,1.0,1
linf_box_d3000,3000,100,selectivity,16,1,100,100,1.0,1,0.0,1.0,1
linf_box_d3000,3000,100,selectivity,16,2,100,100,1.0,1,0.0,1.0,1
linf_box_d3000,3000,100,selectivity,16,4,100,100,1.0,1,0.0,1.0,1
linf_box_d3000,3000,100,strided,16,1,100,99,1.01,2,0.02,1.0,1
linf_box_d3000,3000,100,strided,16,2,100,100,1.0,1,0.0,1.02,2
linf_box_d3000,3000,100,strided,16,4,100,100,1.0,1,0.0,1.02,2
linf_box_d3000,3000,158,first_k,4,1,158,16,9.875,15,1.0,1.0,1
linf_box_d3000,3000,158,first_k,4,2,158,114,1.386,4,0.4937,2.0,2
linf_box_d3000,3000,158,first_k,4,4,158,157,1.006,2,0.01266,2.506,4
linf_box_d3000,3000,158,random,4,1,158,16,9.875,14,1.0,1.0,1
linf_box_d3000,3000,158,random,4,2,158,116,1.362,4,0.462,2.0,2
linf_box_d3000,3000,158,random,4,4,158,158,1.0,1,0.0,2.576,4
linf_box_d3000,3000,158,selectivity,4,1,158,16,9.875,14,1.0,1.0,1
linf_box_d3000,3000,158,selectivity,4,2,158,118,1.339,4,0.4494,2.0,2
linf_box_d3000,3000,158,selectivity,4,4,158,158,1.0,1,0.0,2.475,4
linf_box_d3000,3000,158,strided,4,1,158,16,9.875,15,1.0,1.0,1
linf_box_d3000,3000,158,strided,4,2,158,110,1.436,4,0.5443,2.0,2
linf_box_d3000,3000,158,strided,4,4,158,158,1.0,1,0.0,2.62,4
linf_box_d3000,3000,158,first_k,8,1,158,114,1.386,4,0.4937,1.0,1
linf_box_d3000,3000,158,first_k,8,2,158,157,1.006,2,0.01266,1.494,2
linf_box_d3000,3000,158,first_k,8,4,158,158,1.0,1,0.0,1.506,3
linf_box_d3000,3000,158,random,8,1,158,116,1.362,4,0.462,1.0,1
linf_box_d3000,3000,158,random,8,2,158,158,1.0,1,0.0,1.462,2
linf_box_d3000,3000,158,random,8,4,158,158,1.0,1,0.0,1.462,2
linf_box_d3000,3000,158,selectivity,8,1,158,118,1.339,4,0.4494,1.0,1
linf_box_d3000,3000,158,selectivity,8,2,158,158,1.0,1,0.0,1.449,2
linf_box_d3000,3000,158,selectivity,8,4,158,158,1.0,1,0.0,1.449,2
linf_box_d3000,3000,158,strided,8,1,158,119,1.328,3,0.4494,1.0,1
linf_box_d3000,3000,158,strided,8,2,158,158,1.0,1,0.0,1.449,2
linf_box_d3000,3000,158,strided,8,4,158,158,1.0,1,0.0,1.449,2
linf_box_d3000,3000,158,first_k,16,1,158,157,1.006,2,0.01266,1.0,1
linf_box_d3000,3000,158,first_k,16,2,158,158,1.0,1,0.0,1.013,2
linf_box_d3000,3000,158,first_k,16,4,158,158,1.0,1,0.0,1.013,2
linf_box_d3000,3000,158,random,16,1,158,158,1.0,1,0.0,1.0,1
linf_box_d3000,3000,158,random,16,2,158,158,1.0,1,0.0,1.0,1
linf_box_d3000,3000,158,random,16,4,158,158,1.0,1,0.0,1.0,1
linf_box_d3000,3000,158,selectivity,16,1,158,158,1.0,1,0.0,1.0,1
linf_box_d3000,3000,158,selectivity,16,2,158,158,1.0,1,0.0,1.0,1
linf_box_d3000,3000,158,selectivity,16,4,158,158,1.0,1,0.0,1.0,1
linf_box_d3000,3000,158,strided,16,1,158,157,1.006,2,0.01266,1.0,1
linf_box_d3000,3000,158,strided,16,2,158,158,1.0,1,0.0,1.013,2
linf_box_d3000,3000,158,strided,16,4,158,158,1.0,1,0.0,1.013,2
linf_box_d3000,3000,200,first_k,4,1,200,16,12.5,17,1.0,1.0,1
linf_box_d3000,3000,200,first_k,4,2,200,131,1.527,5,0.58,2.0,2
linf_box_d3000,3000,200,first_k,4,4,200,199,1.005,2,0.01,2.6,4
linf_box_d3000,3000,200,random,4,1,200,16,12.5,18,1.0,1.0,1
linf_box_d3000,3000,200,random,4,2,200,132,1.515,5,0.58,2.0,2
linf_box_d3000,3000,200,random,4,4,200,200,1.0,1,0.0,2.69,4
linf_box_d3000,3000,200,selectivity,4,1,200,16,12.5,18,1.0,1.0,1
linf_box_d3000,3000,200,selectivity,4,2,200,146,1.37,5,0.475,2.0,2
linf_box_d3000,3000,200,selectivity,4,4,200,200,1.0,1,0.0,2.505,4
linf_box_d3000,3000,200,strided,4,1,200,16,12.5,20,1.0,1.0,1
linf_box_d3000,3000,200,strided,4,2,200,134,1.493,4,0.58,2.0,2
linf_box_d3000,3000,200,strided,4,4,200,200,1.0,1,0.0,2.65,4
linf_box_d3000,3000,200,first_k,8,1,200,131,1.527,5,0.58,1.0,1
linf_box_d3000,3000,200,first_k,8,2,200,199,1.005,2,0.01,1.58,2
linf_box_d3000,3000,200,first_k,8,4,200,200,1.0,1,0.0,1.59,3
linf_box_d3000,3000,200,random,8,1,200,132,1.515,5,0.58,1.0,1
linf_box_d3000,3000,200,random,8,2,200,200,1.0,1,0.0,1.58,2
linf_box_d3000,3000,200,random,8,4,200,200,1.0,1,0.0,1.58,2
linf_box_d3000,3000,200,selectivity,8,1,200,146,1.37,5,0.475,1.0,1
linf_box_d3000,3000,200,selectivity,8,2,200,200,1.0,1,0.0,1.475,2
linf_box_d3000,3000,200,selectivity,8,4,200,200,1.0,1,0.0,1.475,2
linf_box_d3000,3000,200,strided,8,1,200,136,1.471,4,0.54,1.0,1
linf_box_d3000,3000,200,strided,8,2,200,200,1.0,1,0.0,1.54,2
linf_box_d3000,3000,200,strided,8,4,200,200,1.0,1,0.0,1.54,2
linf_box_d3000,3000,200,first_k,16,1,200,199,1.005,2,0.01,1.0,1
linf_box_d3000,3000,200,first_k,16,2,200,200,1.0,1,0.0,1.01,2
linf_box_d3000,3000,200,first_k,16,4,200,200,1.0,1,0.0,1.01,2
linf_box_d3000,3000,200,random,16,1,200,200,1.0,1,0.0,1.0,1
linf_box_d3000,3000,200,random,16,2,200,200,1.0,1,0.0,1.0,1
linf_box_d3000,3000,200,random,16,4,200,200,1.0,1,0.0,1.0,1
linf_box_d3000,3000,200,selectivity,16,1,200,200,1.0,1,0.0,1.0,1
linf_box_d3000,3000,200,selectivity,16,2,200,200,1.0,1,0.0,1.0,1
linf_box_d3000,3000,200,selectivity,16,4,200,200,1.0,1,0.0,1.0,1
linf_box_d3000,3000,200,strided,16,1,200,199,1.005,2,0.01,1.0,1
linf_box_d3000,3000,200,strided,16,2,200,200,1.0,1,0.0,1.01,2
linf_box_d3000,3000,200,strided,16,4,200,200,1.0,1,0.0,1.01,2
linf_box_d3000,3000,241,first_k,4,1,241,16,15.062,21,1.0,1.0,1
linf_box_d3000,3000,241,first_k,4,2,241,144,1.674,5,0.6556,2.0,2
linf_box_d3000,3000,241,first_k,4,4,241,240,1.004,2,0.008299,2.68,4
linf_box_d3000,3000,241,random,4,1,241,16,15.062,21,1.0,1.0,1
linf_box_d3000,3000,241,random,4,2,241,147,1.639,5,0.6598,2.0,2
linf_box_d3000,3000,241,random,4,4,241,240,1.004,2,0.008299,2.784,4
linf_box_d3000,3000,241,selectivity,4,1,241,16,15.062,22,1.0,1.0,1
linf_box_d3000,3000,241,selectivity,4,2,241,158,1.525,5,0.5851,2.0,2
linf_box_d3000,3000,241,selectivity,4,4,241,241,1.0,1,0.0,2.618,4
linf_box_d3000,3000,241,strided,4,1,241,16,15.062,22,1.0,1.0,1
linf_box_d3000,3000,241,strided,4,2,241,149,1.617,5,0.6515,2.0,2
linf_box_d3000,3000,241,strided,4,4,241,241,1.0,1,0.0,2.734,4
linf_box_d3000,3000,241,first_k,8,1,241,144,1.674,5,0.6556,1.0,1
linf_box_d3000,3000,241,first_k,8,2,241,240,1.004,2,0.008299,1.656,2
linf_box_d3000,3000,241,first_k,8,4,241,241,1.0,1,0.0,1.664,3
linf_box_d3000,3000,241,random,8,1,241,147,1.639,5,0.6598,1.0,1
linf_box_d3000,3000,241,random,8,2,241,240,1.004,2,0.008299,1.66,2
linf_box_d3000,3000,241,random,8,4,241,241,1.0,1,0.0,1.668,3
linf_box_d3000,3000,241,selectivity,8,1,241,158,1.525,5,0.5851,1.0,1
linf_box_d3000,3000,241,selectivity,8,2,241,241,1.0,1,0.0,1.585,2
linf_box_d3000,3000,241,selectivity,8,4,241,241,1.0,1,0.0,1.585,2
linf_box_d3000,3000,241,strided,8,1,241,156,1.545,4,0.5851,1.0,1
linf_box_d3000,3000,241,strided,8,2,241,241,1.0,1,0.0,1.585,2
linf_box_d3000,3000,241,strided,8,4,241,241,1.0,1,0.0,1.585,2
linf_box_d3000,3000,241,first_k,16,1,241,240,1.004,2,0.008299,1.0,1
linf_box_d3000,3000,241,first_k,16,2,241,241,1.0,1,0.0,1.008,2
linf_box_d3000,3000,241,first_k,16,4,241,241,1.0,1,0.0,1.008,2
linf_box_d3000,3000,241,random,16,1,241,240,1.004,2,0.008299,1.0,1
linf_box_d3000,3000,241,random,16,2,241,241,1.0,1,0.0,1.008,2
linf_box_d3000,3000,241,random,16,4,241,241,1.0,1,0.0,1.008,2
linf_box_d3000,3000,241,selectivity,16,1,241,241,1.0,1,0.0,1.0,1
linf_box_d3000,3000,241,selectivity,16,2,241,241,1.0,1,0.0,1.0,1
linf_box_d3000,3000,241,selectivity,16,4,241,241,1.0,1,0.0,1.0,1
linf_box_d3000,3000,241,strided,16,1,241,239,1.008,2,0.0166,1.0,1
linf_box_d3000,3000,241,strided,16,2,241,241,1.0,1,0.0,1.017,2
linf_box_d3000,3000,241,strided,16,4,241,241,1.0,1,0.0,1.017,2
linf_box_d3000,3000,300,first_k,4,1,300,16,18.75,26,1.0,1.0,1
linf_box_d3000,3000,300,first_k,4,2,300,166,1.807,6,0.71,2.0,2
linf_box_d3000,3000,300,first_k,4,4,300,299,1.003,2,0.006667,2.75,4
linf_box_d3000,3000,300,random,4,1,300,16,18.75,27,1.0,1.0,1
linf_box_d3000,3000,300,random,4,2,300,170,1.765,5,0.7067,2.0,2
linf_box_d3000,3000,300,random,4,4,300,299,1.003,2,0.006667,2.827,4
linf_box_d3000,3000,300,selectivity,4,1,300,16,18.75,23,1.0,1.0,1
linf_box_d3000,3000,300,selectivity,4,2,300,180,1.667,6,0.6833,2.0,2
linf_box_d3000,3000,300,selectivity,4,4,300,298,1.007,2,0.01333,2.743,4
linf_box_d3000,3000,300,strided,4,1,300,16,18.75,30,1.0,1.0,1
linf_box_d3000,3000,300,strided,4,2,300,171,1.754,5,0.7067,2.0,2
linf_box_d3000,3000,300,strided,4,4,300,299,1.003,2,0.006667,2.797,4
linf_box_d3000,3000,300,first_k,8,1,300,166,1.807,6,0.71,1.0,1
linf_box_d3000,3000,300,first_k,8,2,300,299,1.003,2,0.006667,1.71,2
linf_box_d3000,3000,300,first_k,8,4,300,300,1.0,1,0.0,1.717,3
linf_box_d3000,3000,300,random,8,1,300,170,1.765,5,0.7067,1.0,1
linf_box_d3000,3000,300,random,8,2,300,299,1.003,2,0.006667,1.707,2
linf_box_d3000,3000,300,random,8,4,300,300,1.0,1,0.0,1.713,3
linf_box_d3000,3000,300,selectivity,8,1,300,180,1.667,6,0.6833,1.0,1
linf_box_d3000,3000,300,selectivity,8,2,300,298,1.007,2,0.01333,1.683,2
linf_box_d3000,3000,300,selectivity,8,4,300,300,1.0,1,0.0,1.697,3
linf_box_d3000,3000,300,strided,8,1,300,172,1.744,5,0.7,1.0,1
linf_box_d3000,3000,300,strided,8,2,300,299,1.003,2,0.006667,1.7,2
linf_box_d3000,3000,300,strided,8,4,300,300,1.0,1,0.0,1.707,3
linf_box_d3000,3000,300,first_k,16,1,300,299,1.003,2,0.006667,1.0,1
linf_box_d3000,3000,300,first_k,16,2,300,300,1.0,1,0.0,1.007,2
linf_box_d3000,3000,300,first_k,16,4,300,300,1.0,1,0.0,1.007,2
linf_box_d3000,3000,300,random,16,1,300,299,1.003,2,0.006667,1.0,1
linf_box_d3000,3000,300,random,16,2,300,300,1.0,1,0.0,1.007,2
linf_box_d3000,3000,300,random,16,4,300,300,1.0,1,0.0,1.007,2
linf_box_d3000,3000,300,selectivity,16,1,300,298,1.007,2,0.01333,1.0,1
linf_box_d3000,3000,300,selectivity,16,2,300,300,1.0,1,0.0,1.013,2
linf_box_d3000,3000,300,selectivity,16,4,300,300,1.0,1,0.0,1.013,2
linf_box_d3000,3000,300,strided,16,1,300,297,1.01,2,0.02,1.0,1
linf_box_d3000,3000,300,strided,16,2,300,300,1.0,1,0.0,1.02,2
linf_box_d3000,3000,300,strided,16,4,300,300,1.0,1,0.0,1.02,2
linf_box_d3000,3000,389,first_k,4,1,389,16,24.312,35,1.0,1.0,1
linf_box_d3000,3000,389,first_k,4,2,389,195,1.995,6,0.7661,2.0,2
linf_box_d3000,3000,389,first_k,4,4,389,387,1.005,2,0.01028,2.833,4
linf_box_d3000,3000,389,random,4,1,389,16,24.312,39,1.0,1.0,1
linf_box_d3000,3000,389,random,4,2,389,192,2.026,6,0.8098,2.0,2
linf_box_d3000,3000,389,random,4,4,389,388,1.003,2,0.005141,2.936,4
linf_box_d3000,3000,389,selectivity,4,1,389,16,24.312,31,1.0,1.0,1
linf_box_d3000,3000,389,selectivity,4,2,389,203,1.916,6,0.7635,2.0,2
linf_box_d3000,3000,389,selectivity,4,4,389,387,1.005,2,0.01028,2.859,4
linf_box_d3000,3000,389,strided,4,1,389,16,24.312,35,1.0,1.0,1
linf_box_d3000,3000,389,strided,4,2,389,192,2.026,6,0.7943,2.0,2
linf_box_d3000,3000,389,strided,4,4,389,388,1.003,2,0.005141,2.9,4
linf_box_d3000,3000,389,first_k,8,1,389,195,1.995,6,0.7661,1.0,1
linf_box_d3000,3000,389,first_k,8,2,389,387,1.005,2,0.01028,1.766,2
linf_box_d3000,3000,389,first_k,8,4,389,389,1.0,1,0.0,1.776,3
linf_box_d3000,3000,389,random,8,1,389,192,2.026,6,0.8098,1.0,1
linf_box_d3000,3000,389,random,8,2,389,388,1.003,2,0.005141,1.81,2
linf_box_d3000,3000,389,random,8,4,389,389,1.0,1,0.0,1.815,3
linf_box_d3000,3000,389,selectivity,8,1,389,203,1.916,6,0.7635,1.0,1
linf_box_d3000,3000,389,selectivity,8,2,389,387,1.005,2,0.01028,1.763,2
linf_box_d3000,3000,389,selectivity,8,4,389,389,1.0,1,0.0,1.774,3
linf_box_d3000,3000,389,strided,8,1,389,197,1.975,5,0.7892,1.0,1
linf_box_d3000,3000,389,strided,8,2,389,384,1.013,2,0.02571,1.789,2
linf_box_d3000,3000,389,strided,8,4,389,389,1.0,1,0.0,1.815,3
linf_box_d3000,3000,389,first_k,16,1,389,387,1.005,2,0.01028,1.0,1
linf_box_d3000,3000,389,first_k,16,2,389,389,1.0,1,0.0,1.01,2
linf_box_d3000,3000,389,first_k,16,4,389,389,1.0,1,0.0,1.01,2
linf_box_d3000,3000,389,random,16,1,389,388,1.003,2,0.005141,1.0,1
linf_box_d3000,3000,389,random,16,2,389,389,1.0,1,0.0,1.005,2
linf_box_d3000,3000,389,random,16,4,389,389,1.0,1,0.0,1.005,2
linf_box_d3000,3000,389,selectivity,16,1,389,387,1.005,2,0.01028,1.0,1
linf_box_d3000,3000,389,selectivity,16,2,389,389,1.0,1,0.0,1.01,2
linf_box_d3000,3000,389,selectivity,16,4,389,389,1.0,1,0.0,1.01,2
linf_box_d3000,3000,389,strided,16,1,389,386,1.008,2,0.01542,1.0,1
linf_box_d3000,3000,389,strided,16,2,389,389,1.0,1,0.0,1.015,2
linf_box_d3000,3000,389,strided,16,4,389,389,1.0,1,0.0,1.015,2
generic_d3000,3000,50,first_k,4,1,50,50,1.0,1,0.0,1.0,1
generic_d3000,3000,50,first_k,4,2,50,50,1.0,1,0.0,1.0,1
generic_d3000,3000,50,first_k,4,4,50,50,1.0,1,0.0,1.0,1
generic_d3000,3000,50,random,4,1,50,50,1.0,1,0.0,1.0,1
generic_d3000,3000,50,random,4,2,50,50,1.0,1,0.0,1.0,1
generic_d3000,3000,50,random,4,4,50,50,1.0,1,0.0,1.0,1
generic_d3000,3000,50,selectivity,4,1,50,50,1.0,1,0.0,1.0,1
generic_d3000,3000,50,selectivity,4,2,50,50,1.0,1,0.0,1.0,1
generic_d3000,3000,50,selectivity,4,4,50,50,1.0,1,0.0,1.0,1
generic_d3000,3000,50,strided,4,1,50,50,1.0,1,0.0,1.0,1
generic_d3000,3000,50,strided,4,2,50,50,1.0,1,0.0,1.0,1
generic_d3000,3000,50,strided,4,4,50,50,1.0,1,0.0,1.0,1
generic_d3000,3000,50,first_k,8,1,50,50,1.0,1,0.0,1.0,1
generic_d3000,3000,50,first_k,8,2,50,50,1.0,1,0.0,1.0,1
generic_d3000,3000,50,first_k,8,4,50,50,1.0,1,0.0,1.0,1
generic_d3000,3000,50,random,8,1,50,50,1.0,1,0.0,1.0,1
generic_d3000,3000,50,random,8,2,50,50,1.0,1,0.0,1.0,1
generic_d3000,3000,50,random,8,4,50,50,1.0,1,0.0,1.0,1
generic_d3000,3000,50,selectivity,8,1,50,50,1.0,1,0.0,1.0,1
generic_d3000,3000,50,selectivity,8,2,50,50,1.0,1,0.0,1.0,1
generic_d3000,3000,50,selectivity,8,4,50,50,1.0,1,0.0,1.0,1
generic_d3000,3000,50,strided,8,1,50,50,1.0,1,0.0,1.0,1
generic_d3000,3000,50,strided,8,2,50,50,1.0,1,0.0,1.0,1
generic_d3000,3000,50,strided,8,4,50,50,1.0,1,0.0,1.0,1
generic_d3000,3000,50,first_k,16,1,50,50,1.0,1,0.0,1.0,1
generic_d3000,3000,50,first_k,16,2,50,50,1.0,1,0.0,1.0,1
generic_d3000,3000,50,first_k,16,4,50,50,1.0,1,0.0,1.0,1
generic_d3000,3000,50,random,16,1,50,50,1.0,1,0.0,1.0,1
generic_d3000,3000,50,random,16,2,50,50,1.0,1,0.0,1.0,1
generic_d3000,3000,50,random,16,4,50,50,1.0,1,0.0,1.0,1
generic_d3000,3000,50,selectivity,16,1,50,50,1.0,1,0.0,1.0,1
generic_d3000,3000,50,selectivity,16,2,50,50,1.0,1,0.0,1.0,1
generic_d3000,3000,50,selectivity,16,4,50,50,1.0,1,0.0,1.0,1
generic_d3000,3000,50,strided,16,1,50,50,1.0,1,0.0,1.0,1
generic_d3000,3000,50,strided,16,2,50,50,1.0,1,0.0,1.0,1
generic_d3000,3000,50,strided,16,4,50,50,1.0,1,0.0,1.0,1
generic_d3000,3000,100,first_k,4,1,100,100,1.0,1,0.0,1.0,1
generic_d3000,3000,100,first_k,4,2,100,100,1.0,1,0.0,1.0,1
generic_d3000,3000,100,first_k,4,4,100,100,1.0,1,0.0,1.0,1
generic_d3000,3000,100,random,4,1,100,100,1.0,1,0.0,1.0,1
generic_d3000,3000,100,random,4,2,100,100,1.0,1,0.0,1.0,1
generic_d3000,3000,100,random,4,4,100,100,1.0,1,0.0,1.0,1
generic_d3000,3000,100,selectivity,4,1,100,100,1.0,1,0.0,1.0,1
generic_d3000,3000,100,selectivity,4,2,100,100,1.0,1,0.0,1.0,1
generic_d3000,3000,100,selectivity,4,4,100,100,1.0,1,0.0,1.0,1
generic_d3000,3000,100,strided,4,1,100,100,1.0,1,0.0,1.0,1
generic_d3000,3000,100,strided,4,2,100,100,1.0,1,0.0,1.0,1
generic_d3000,3000,100,strided,4,4,100,100,1.0,1,0.0,1.0,1
generic_d3000,3000,100,first_k,8,1,100,100,1.0,1,0.0,1.0,1
generic_d3000,3000,100,first_k,8,2,100,100,1.0,1,0.0,1.0,1
generic_d3000,3000,100,first_k,8,4,100,100,1.0,1,0.0,1.0,1
generic_d3000,3000,100,random,8,1,100,100,1.0,1,0.0,1.0,1
generic_d3000,3000,100,random,8,2,100,100,1.0,1,0.0,1.0,1
generic_d3000,3000,100,random,8,4,100,100,1.0,1,0.0,1.0,1
generic_d3000,3000,100,selectivity,8,1,100,100,1.0,1,0.0,1.0,1
generic_d3000,3000,100,selectivity,8,2,100,100,1.0,1,0.0,1.0,1
generic_d3000,3000,100,selectivity,8,4,100,100,1.0,1,0.0,1.0,1
generic_d3000,3000,100,strided,8,1,100,100,1.0,1,0.0,1.0,1
generic_d3000,3000,100,strided,8,2,100,100,1.0,1,0.0,1.0,1
generic_d3000,3000,100,strided,8,4,100,100,1.0,1,0.0,1.0,1
generic_d3000,3000,100,first_k,16,1,100,100,1.0,1,0.0,1.0,1
generic_d3000,3000,100,first_k,16,2,100,100,1.0,1,0.0,1.0,1
generic_d3000,3000,100,first_k,16,4,100,100,1.0,1,0.0,1.0,1
generic_d3000,3000,100,random,16,1,100,100,1.0,1,0.0,1.0,1
generic_d3000,3000,100,random,16,2,100,100,1.0,1,0.0,1.0,1
generic_d3000,3000,100,random,16,4,100,100,1.0,1,0.0,1.0,1
generic_d3000,3000,100,selectivity,16,1,100,100,1.0,1,0.0,1.0,1
generic_d3000,3000,100,selectivity,16,2,100,100,1.0,1,0.0,1.0,1
generic_d3000,3000,100,selectivity,16,4,100,100,1.0,1,0.0,1.0,1
generic_d3000,3000,100,strided,16,1,100,100,1.0,1,0.0,1.0,1
generic_d3000,3000,100,strided,16,2,100,100,1.0,1,0.0,1.0,1
generic_d3000,3000,100,strided,16,4,100,100,1.0,1,0.0,1.0,1
generic_d3000,3000,158,first_k,4,1,158,158,1.0,1,0.0,1.0,1
generic_d3000,3000,158,first_k,4,2,158,158,1.0,1,0.0,1.0,1
generic_d3000,3000,158,first_k,4,4,158,158,1.0,1,0.0,1.0,1
generic_d3000,3000,158,random,4,1,158,158,1.0,1,0.0,1.0,1
generic_d3000,3000,158,random,4,2,158,158,1.0,1,0.0,1.0,1
generic_d3000,3000,158,random,4,4,158,158,1.0,1,0.0,1.0,1
generic_d3000,3000,158,selectivity,4,1,158,158,1.0,1,0.0,1.0,1
generic_d3000,3000,158,selectivity,4,2,158,158,1.0,1,0.0,1.0,1
generic_d3000,3000,158,selectivity,4,4,158,158,1.0,1,0.0,1.0,1
generic_d3000,3000,158,strided,4,1,158,158,1.0,1,0.0,1.0,1
generic_d3000,3000,158,strided,4,2,158,158,1.0,1,0.0,1.0,1
generic_d3000,3000,158,strided,4,4,158,158,1.0,1,0.0,1.0,1
generic_d3000,3000,158,first_k,8,1,158,158,1.0,1,0.0,1.0,1
generic_d3000,3000,158,first_k,8,2,158,158,1.0,1,0.0,1.0,1
generic_d3000,3000,158,first_k,8,4,158,158,1.0,1,0.0,1.0,1
generic_d3000,3000,158,random,8,1,158,158,1.0,1,0.0,1.0,1
generic_d3000,3000,158,random,8,2,158,158,1.0,1,0.0,1.0,1
generic_d3000,3000,158,random,8,4,158,158,1.0,1,0.0,1.0,1
generic_d3000,3000,158,selectivity,8,1,158,158,1.0,1,0.0,1.0,1
generic_d3000,3000,158,selectivity,8,2,158,158,1.0,1,0.0,1.0,1
generic_d3000,3000,158,selectivity,8,4,158,158,1.0,1,0.0,1.0,1
generic_d3000,3000,158,strided,8,1,158,158,1.0,1,0.0,1.0,1
generic_d3000,3000,158,strided,8,2,158,158,1.0,1,0.0,1.0,1
generic_d3000,3000,158,strided,8,4,158,158,1.0,1,0.0,1.0,1
generic_d3000,3000,158,first_k,16,1,158,158,1.0,1,0.0,1.0,1
generic_d3000,3000,158,first_k,16,2,158,158,1.0,1,0.0,1.0,1
generic_d3000,3000,158,first_k,16,4,158,158,1.0,1,0.0,1.0,1
generic_d3000,3000,158,random,16,1,158,158,1.0,1,0.0,1.0,1
generic_d3000,3000,158,random,16,2,158,158,1.0,1,0.0,1.0,1
generic_d3000,3000,158,random,16,4,158,158,1.0,1,0.0,1.0,1
generic_d3000,3000,158,selectivity,16,1,158,158,1.0,1,0.0,1.0,1
generic_d3000,3000,158,selectivity,16,2,158,158,1.0,1,0.0,1.0,1
generic_d3000,3000,158,selectivity,16,4,158,158,1.0,1,0.0,1.0,1
generic_d3000,3000,158,strided,16,1,158,158,1.0,1,0.0,1.0,1
generic_d3000,3000,158,strided,16,2,158,158,1.0,1,0.0,1.0,1
generic_d3000,3000,158,strided,16,4,158,158,1.0,1,0.0,1.0,1
generic_d3000,3000,200,first_k,4,1,200,200,1.0,1,0.0,1.0,1
generic_d3000,3000,200,first_k,4,2,200,200,1.0,1,0.0,1.0,1
generic_d3000,3000,200,first_k,4,4,200,200,1.0,1,0.0,1.0,1
generic_d3000,3000,200,random,4,1,200,200,1.0,1,0.0,1.0,1
generic_d3000,3000,200,random,4,2,200,200,1.0,1,0.0,1.0,1
generic_d3000,3000,200,random,4,4,200,200,1.0,1,0.0,1.0,1
generic_d3000,3000,200,selectivity,4,1,200,200,1.0,1,0.0,1.0,1
generic_d3000,3000,200,selectivity,4,2,200,200,1.0,1,0.0,1.0,1
generic_d3000,3000,200,selectivity,4,4,200,200,1.0,1,0.0,1.0,1
generic_d3000,3000,200,strided,4,1,200,200,1.0,1,0.0,1.0,1
generic_d3000,3000,200,strided,4,2,200,200,1.0,1,0.0,1.0,1
generic_d3000,3000,200,strided,4,4,200,200,1.0,1,0.0,1.0,1
generic_d3000,3000,200,first_k,8,1,200,200,1.0,1,0.0,1.0,1
generic_d3000,3000,200,first_k,8,2,200,200,1.0,1,0.0,1.0,1
generic_d3000,3000,200,first_k,8,4,200,200,1.0,1,0.0,1.0,1
generic_d3000,3000,200,random,8,1,200,200,1.0,1,0.0,1.0,1
generic_d3000,3000,200,random,8,2,200,200,1.0,1,0.0,1.0,1
generic_d3000,3000,200,random,8,4,200,200,1.0,1,0.0,1.0,1
generic_d3000,3000,200,selectivity,8,1,200,200,1.0,1,0.0,1.0,1
generic_d3000,3000,200,selectivity,8,2,200,200,1.0,1,0.0,1.0,1
generic_d3000,3000,200,selectivity,8,4,200,200,1.0,1,0.0,1.0,1
generic_d3000,3000,200,strided,8,1,200,200,1.0,1,0.0,1.0,1
generic_d3000,3000,200,strided,8,2,200,200,1.0,1,0.0,1.0,1
generic_d3000,3000,200,strided,8,4,200,200,1.0,1,0.0,1.0,1
generic_d3000,3000,200,first_k,16,1,200,200,1.0,1,0.0,1.0,1
generic_d3000,3000,200,first_k,16,2,200,200,1.0,1,0.0,1.0,1
generic_d3000,3000,200,first_k,16,4,200,200,1.0,1,0.0,1.0,1
generic_d3000,3000,200,random,16,1,200,200,1.0,1,0.0,1.0,1
generic_d3000,3000,200,random,16,2,200,200,1.0,1,0.0,1.0,1
generic_d3000,3000,200,random,16,4,200,200,1.0,1,0.0,1.0,1
generic_d3000,3000,200,selectivity,16,1,200,200,1.0,1,0.0,1.0,1
generic_d3000,3000,200,selectivity,16,2,200,200,1.0,1,0.0,1.0,1
generic_d3000,3000,200,selectivity,16,4,200,200,1.0,1,0.0,1.0,1
generic_d3000,3000,200,strided,16,1,200,200,1.0,1,0.0,1.0,1
generic_d3000,3000,200,strided,16,2,200,200,1.0,1,0.0,1.0,1
generic_d3000,3000,200,strided,16,4,200,200,1.0,1,0.0,1.0,1
generic_d3000,3000,241,first_k,4,1,241,241,1.0,1,0.0,1.0,1
generic_d3000,3000,241,first_k,4,2,241,241,1.0,1,0.0,1.0,1
generic_d3000,3000,241,first_k,4,4,241,241,1.0,1,0.0,1.0,1
generic_d3000,3000,241,random,4,1,241,241,1.0,1,0.0,1.0,1
generic_d3000,3000,241,random,4,2,241,241,1.0,1,0.0,1.0,1
generic_d3000,3000,241,random,4,4,241,241,1.0,1,0.0,1.0,1
generic_d3000,3000,241,selectivity,4,1,241,241,1.0,1,0.0,1.0,1
generic_d3000,3000,241,selectivity,4,2,241,241,1.0,1,0.0,1.0,1
generic_d3000,3000,241,selectivity,4,4,241,241,1.0,1,0.0,1.0,1
generic_d3000,3000,241,strided,4,1,241,241,1.0,1,0.0,1.0,1
generic_d3000,3000,241,strided,4,2,241,241,1.0,1,0.0,1.0,1
generic_d3000,3000,241,strided,4,4,241,241,1.0,1,0.0,1.0,1
generic_d3000,3000,241,first_k,8,1,241,241,1.0,1,0.0,1.0,1
generic_d3000,3000,241,first_k,8,2,241,241,1.0,1,0.0,1.0,1
generic_d3000,3000,241,first_k,8,4,241,241,1.0,1,0.0,1.0,1
generic_d3000,3000,241,random,8,1,241,241,1.0,1,0.0,1.0,1
generic_d3000,3000,241,random,8,2,241,241,1.0,1,0.0,1.0,1
generic_d3000,3000,241,random,8,4,241,241,1.0,1,0.0,1.0,1
generic_d3000,3000,241,selectivity,8,1,241,241,1.0,1,0.0,1.0,1
generic_d3000,3000,241,selectivity,8,2,241,241,1.0,1,0.0,1.0,1
generic_d3000,3000,241,selectivity,8,4,241,241,1.0,1,0.0,1.0,1
generic_d3000,3000,241,strided,8,1,241,241,1.0,1,0.0,1.0,1
generic_d3000,3000,241,strided,8,2,241,241,1.0,1,0.0,1.0,1
generic_d3000,3000,241,strided,8,4,241,241,1.0,1,0.0,1.0,1
generic_d3000,3000,241,first_k,16,1,241,241,1.0,1,0.0,1.0,1
generic_d3000,3000,241,first_k,16,2,241,241,1.0,1,0.0,1.0,1
generic_d3000,3000,241,first_k,16,4,241,241,1.0,1,0.0,1.0,1
generic_d3000,3000,241,random,16,1,241,241,1.0,1,0.0,1.0,1
generic_d3000,3000,241,random,16,2,241,241,1.0,1,0.0,1.0,1
generic_d3000,3000,241,random,16,4,241,241,1.0,1,0.0,1.0,1
generic_d3000,3000,241,selectivity,16,1,241,241,1.0,1,0.0,1.0,1
generic_d3000,3000,241,selectivity,16,2,241,241,1.0,1,0.0,1.0,1
generic_d3000,3000,241,selectivity,16,4,241,241,1.0,1,0.0,1.0,1
generic_d3000,3000,241,strided,16,1,241,241,1.0,1,0.0,1.0,1
generic_d3000,3000,241,strided,16,2,241,241,1.0,1,0.0,1.0,1
generic_d3000,3000,241,strided,16,4,241,241,1.0,1,0.0,1.0,1
generic_d3000,3000,300,first_k,4,1,300,300,1.0,1,0.0,1.0,1
generic_d3000,3000,300,first_k,4,2,300,300,1.0,1,0.0,1.0,1
generic_d3000,3000,300,first_k,4,4,300,300,1.0,1,0.0,1.0,1
generic_d3000,3000,300,random,4,1,300,300,1.0,1,0.0,1.0,1
generic_d3000,3000,300,random,4,2,300,300,1.0,1,0.0,1.0,1
generic_d3000,3000,300,random,4,4,300,300,1.0,1,0.0,1.0,1
generic_d3000,3000,300,selectivity,4,1,300,300,1.0,1,0.0,1.0,1
generic_d3000,3000,300,selectivity,4,2,300,300,1.0,1,0.0,1.0,1
generic_d3000,3000,300,selectivity,4,4,300,300,1.0,1,0.0,1.0,1
generic_d3000,3000,300,strided,4,1,300,300,1.0,1,0.0,1.0,1
generic_d3000,3000,300,strided,4,2,300,300,1.0,1,0.0,1.0,1
generic_d3000,3000,300,strided,4,4,300,300,1.0,1,0.0,1.0,1
generic_d3000,3000,300,first_k,8,1,300,300,1.0,1,0.0,1.0,1
generic_d3000,3000,300,first_k,8,2,300,300,1.0,1,0.0,1.0,1
generic_d3000,3000,300,first_k,8,4,300,300,1.0,1,0.0,1.0,1
generic_d3000,3000,300,random,8,1,300,300,1.0,1,0.0,1.0,1
generic_d3000,3000,300,random,8,2,300,300,1.0,1,0.0,1.0,1
generic_d3000,3000,300,random,8,4,300,300,1.0,1,0.0,1.0,1
generic_d3000,3000,300,selectivity,8,1,300,300,1.0,1,0.0,1.0,1
generic_d3000,3000,300,selectivity,8,2,300,300,1.0,1,0.0,1.0,1
generic_d3000,3000,300,selectivity,8,4,300,300,1.0,1,0.0,1.0,1
generic_d3000,3000,300,strided,8,1,300,300,1.0,1,0.0,1.0,1
generic_d3000,3000,300,strided,8,2,300,300,1.0,1,0.0,1.0,1
generic_d3000,3000,300,strided,8,4,300,300,1.0,1,0.0,1.0,1
generic_d3000,3000,300,first_k,16,1,300,300,1.0,1,0.0,1.0,1
generic_d3000,3000,300,first_k,16,2,300,300,1.0,1,0.0,1.0,1
generic_d3000,3000,300,first_k,16,4,300,300,1.0,1,0.0,1.0,1
generic_d3000,3000,300,random,16,1,300,300,1.0,1,0.0,1.0,1
generic_d3000,3000,300,random,16,2,300,300,1.0,1,0.0,1.0,1
generic_d3000,3000,300,random,16,4,300,300,1.0,1,0.0,1.0,1
generic_d3000,3000,300,selectivity,16,1,300,300,1.0,1,0.0,1.0,1
generic_d3000,3000,300,selectivity,16,2,300,300,1.0,1,0.0,1.0,1
generic_d3000,3000,300,selectivity,16,4,300,300,1.0,1,0.0,1.0,1
generic_d3000,3000,300,strided,16,1,300,300,1.0,1,0.0,1.0,1
generic_d3000,3000,300,strided,16,2,300,300,1.0,1,0.0,1.0,1
generic_d3000,3000,300,strided,16,4,300,300,1.0,1,0.0,1.0,1
generic_d3000,3000,389,first_k,4,1,389,389,1.0,1,0.0,1.0,1
generic_d3000,3000,389,first_k,4,2,389,389,1.0,1,0.0,1.0,1
generic_d3000,3000,389,first_k,4,4,389,389,1.0,1,0.0,1.0,1
generic_d3000,3000,389,random,4,1,389,389,1.0,1,0.0,1.0,1
generic_d3000,3000,389,random,4,2,389,389,1.0,1,0.0,1.0,1
generic_d3000,3000,389,random,4,4,389,389,1.0,1,0.0,1.0,1
generic_d3000,3000,389,selectivity,4,1,389,389,1.0,1,0.0,1.0,1
generic_d3000,3000,389,selectivity,4,2,389,389,1.0,1,0.0,1.0,1
generic_d3000,3000,389,selectivity,4,4,389,389,1.0,1,0.0,1.0,1
generic_d3000,3000,389,strided,4,1,389,389,1.0,1,0.0,1.0,1
generic_d3000,3000,389,strided,4,2,389,389,1.0,1,0.0,1.0,1
generic_d3000,3000,389,strided,4,4,389,389,1.0,1,0.0,1.0,1
generic_d3000,3000,389,first_k,8,1,389,389,1.0,1,0.0,1.0,1
generic_d3000,3000,389,first_k,8,2,389,389,1.0,1,0.0,1.0,1
generic_d3000,3000,389,first_k,8,4,389,389,1.0,1,0.0,1.0,1
generic_d3000,3000,389,random,8,1,389,389,1.0,1,0.0,1.0,1
generic_d3000,3000,389,random,8,2,389,389,1.0,1,0.0,1.0,1
generic_d3000,3000,389,random,8,4,389,389,1.0,1,0.0,1.0,1
generic_d3000,3000,389,selectivity,8,1,389,389,1.0,1,0.0,1.0,1
generic_d3000,3000,389,selectivity,8,2,389,389,1.0,1,0.0,1.0,1
generic_d3000,3000,389,selectivity,8,4,389,389,1.0,1,0.0,1.0,1
generic_d3000,3000,389,strided,8,1,389,389,1.0,1,0.0,1.0,1
generic_d3000,3000,389,strided,8,2,389,389,1.0,1,0.0,1.0,1
generic_d3000,3000,389,strided,8,4,389,389,1.0,1,0.0,1.0,1
generic_d3000,3000,389,first_k,16,1,389,389,1.0,1,0.0,1.0,1
generic_d3000,3000,389,first_k,16,2,389,389,1.0,1,0.0,1.0,1
generic_d3000,3000,389,first_k,16,4,389,389,1.0,1,0.0,1.0,1
generic_d3000,3000,389,random,16,1,389,389,1.0,1,0.0,1.0,1
generic_d3000,3000,389,random,16,2,389,389,1.0,1,0.0,1.0,1
generic_d3000,3000,389,random,16,4,389,389,1.0,1,0.0,1.0,1
generic_d3000,3000,389,selectivity,16,1,389,389,1.0,1,0.0,1.0,1
generic_d3000,3000,389,selectivity,16,2,389,389,1.0,1,0.0,1.0,1
generic_d3000,3000,389,selectivity,16,4,389,389,1.0,1,0.0,1.0,1
generic_d3000,3000,389,strided,16,1,389,389,1.0,1,0.0,1.0,1
generic_d3000,3000,389,strided,16,2,389,389,1.0,1,0.0,1.0,1
generic_d3000,3000,389,strided,16,4,389,389,1.0,1,0.0,1.0,1
